1,3.0000000e-001,9.8628100e+001
2,3.0000000e-001,9.8628100e+001
3,3.0000000e-001,9.8628100e+001
4,3.0000000e-001,9.8628100e+001
5,3.0000000e-001,9.8628100e+001
6,3.0000000e-001,9.8628100e+001
7,3.0000000e-001,9.8628100e+001
8,3.0000000e-001,9.8628100e+001
9,3.0000000e-001,9.8628100e+001
10,3.0000000e-001,9.8628100e+001
11,3.0000000e-001,9.8628100e+001
12,3.0000000e-001,9.8628100e+001
13,3.0000000e-001,9.8628100e+001
14,3.0000000e-001,9.8628100e+001
15,3.0000000e-001,9.8628100e+001
16,3.0000000e-001,9.8628100e+001
17,3.0000000e-001,9.8628100e+001
18,3.0000000e-001,9.8628100e+001
19,3.0000000e-001,9.8628100e+001
20,3.0000000e-001,9.8628100e+001
21,3.0000000e-001,9.8628100e+001
22,3.0000000e-001,9.8628100e+001
23,3.0000000e-001,9.8628100e+001
24,3.0000000e-001,9.8628100e+001
25,3.0000000e-001,9.8628100e+001
26,3.0000000e-001,9.8628100e+001
27,3.0000000e-001,9.8628100e+001
28,3.0000000e-001,9.8628100e+001
29,3.0000000e-001,9.8628100e+001
30,3.0000000e-001,9.8628100e+001
31,3.0000000e-001,9.8628100e+001
32,3.0000000e-001,9.8628100e+001
33,3.0000000e-001,9.8628100e+001
34,3.0000000e-001,9.8628100e+001
35,3.0000000e-001,9.8628100e+001
36,3.0000000e-001,9.8628100e+001
37,3.0000000e-001,9.8628100e+001
38,3.0000000e-001,9.8628100e+001
39,3.0000000e-001,9.8628100e+001
40,3.0000000e-001,9.8628100e+001
41,3.0000000e-001,9.8628100e+001
42,3.0000000e-001,9.8628100e+001
43,3.0000000e-001,9.8628100e+001
44,3.0000000e-001,9.8628100e+001
45,3.0000000e-001,9.8628100e+001
46,3.0000000e-001,9.8628100e+001
47,3.0000000e-001,9.8628100e+001
48,3.0000000e-001,9.8628100e+001
49,3.0000000e-001,9.8628100e+001
50,3.0000000e-001,9.8628100e+001
51,3.0000000e-001,9.8628100e+001
52,3.0000000e-001,9.8628100e+001
53,3.0000000e-001,9.8628100e+001
54,3.0000000e-001,9.8628100e+001
55,3.0000000e-001,9.8628100e+001
56,3.0000000e-001,9.8628100e+001
57,3.0000000e-001,9.8628100e+001
58,3.0000000e-001,9.8628100e+001
59,3.0000000e-001,9.8628100e+001
60,3.0000000e-001,9.8628100e+001
61,3.0000000e-001,9.8628100e+001
62,3.0000000e-001,9.8628100e+001
63,3.0000000e-001,9.8628100e+001
64,3.0000000e-001,9.8628100e+001
65,3.0000000e-001,9.8628100e+001
66,3.0000000e-001,9.8628100e+001
67,3.0000000e-001,9.8628100e+001
68,3.0000000e-001,9.8628100e+001
69,3.0000000e-001,9.8628100e+001
70,3.0000000e-001,9.8628100e+001
71,3.0000000e-001,9.8628100e+001
72,3.0000000e-001,9.8628100e+001
73,3.0000000e-001,9.8628100e+001
74,3.0000000e-001,9.8628100e+001
75,3.0000000e-001,9.8628100e+001
76,3.0000000e-001,9.8628100e+001
77,3.0000000e-001,9.8628100e+001
78,3.0000000e-001,9.8628100e+001
79,3.0000000e-001,9.8628100e+001
80,3.0000000e-001,9.8628100e+001
81,3.0000000e-001,9.8628100e+001
82,3.0000000e-001,9.8628100e+001
83,3.0000000e-001,9.8628100e+001
84,3.0000000e-001,9.8628100e+001
85,3.0000000e-001,9.8628100e+001
86,3.0000000e-001,9.8628100e+001
87,3.0000000e-001,9.8628100e+001
88,3.0000000e-001,9.8628100e+001
89,3.0000000e-001,9.8628100e+001
90,3.0000000e-001,9.8628100e+001
91,3.0000000e-001,9.8628100e+001
92,3.0000000e-001,9.8628100e+001
93,3.0000000e-001,9.8628100e+001
94,3.0000000e-001,9.8628100e+001
95,3.0000000e-001,9.8628100e+001
96,3.0000000e-001,9.8628100e+001
97,3.0000000e-001,9.8628100e+001
98,3.0000000e-001,9.8628100e+001
99,3.0000000e-001,9.8628100e+001
100,3.0000000e-001,9.8628100e+001
101,2.9297331e-001,9.8645600e+001
102,3.0356429e-001,9.8637900e+001
103,3.0652636e-001,9.8620700e+001
104,3.0215671e-001,9.8614100e+001
105,2.9736104e-001,9.8620200e+001
106,3.1802440e-001,9.8574200e+001
107,2.9357016e-001,9.8587100e+001
108,3.0109555e-001,9.8582300e+001
109,2.9280962e-001,9.8591700e+001
110,3.0420628e-001,9.8585300e+001
111,2.8068866e-001,9.8643300e+001
112,3.0660300e-001,9.8638100e+001
113,2.8897490e-001,9.8668900e+001
114,2.9897029e-001,9.8694800e+001
115,2.8940198e-001,9.8728500e+001
116,2.8761434e-001,9.8756900e+001
117,2.8110764e-001,9.8797200e+001
118,2.9026415e-001,9.8818800e+001
119,3.0212116e-001,9.8795800e+001
120,3.0493442e-001,9.8770600e+001
121,3.1547177e-001,9.8718400e+001
122,3.0644933e-001,9.8685100e+001
123,2.7851641e-001,9.8716600e+001
124,2.8971155e-001,9.8714000e+001
125,2.9858418e-001,9.8677900e+001
126,2.7473294e-001,9.8710400e+001
127,2.9687019e-001,9.8715900e+001
128,2.9406382e-001,9.8742300e+001
129,3.0332322e-001,9.8762100e+001
130,3.0558851e-001,9.8766900e+001
131,3.0899884e-001,9.8719700e+001
132,2.9799101e-001,9.8690400e+001
133,2.9766265e-001,9.8674700e+001
134,3.1449907e-001,9.8597200e+001
135,3.1836132e-001,9.8520300e+001
136,2.9617082e-001,9.8516100e+001
137,3.0155083e-001,9.8516600e+001
138,2.9035352e-001,9.8554200e+001
139,3.0038756e-001,9.8571300e+001
140,3.0765458e-001,9.8554800e+001
141,2.9405476e-001,9.8570900e+001
142,3.0130246e-001,9.8595600e+001
143,3.0035014e-001,9.8630300e+001
144,2.9375326e-001,9.8656700e+001
145,2.9460225e-001,9.8669000e+001
146,3.1879957e-001,9.8608500e+001
147,2.8996151e-001,9.8626600e+001
148,2.9502554e-001,9.8648800e+001
149,2.8495603e-001,9.8685200e+001
150,2.9904551e-001,9.8688000e+001
151,3.0396727e-001,9.8677100e+001
152,2.9472885e-001,9.8679700e+001
153,3.0344571e-001,9.8665500e+001
154,2.9276709e-001,9.8700700e+001
155,3.1268193e-001,9.8670100e+001
156,2.9968757e-001,9.8649900e+001
157,3.0778212e-001,9.8602900e+001
158,3.2180484e-001,9.8533400e+001
159,3.0437814e-001,9.8519900e+001
160,3.1333329e-001,9.8481000e+001
161,3.0251078e-001,9.8470400e+001
162,2.9689529e-001,9.8476200e+001
163,2.9076996e-001,9.8515200e+001
164,2.9615224e-001,9.8537800e+001
165,3.1158181e-001,9.8532800e+001
166,3.0862500e-001,9.8549100e+001
167,2.8965294e-001,9.8599700e+001
168,2.9807327e-001,9.8631400e+001
169,2.8700277e-001,9.8676500e+001
170,3.0306596e-001,9.8666800e+001
171,3.0968992e-001,9.8624300e+001
172,2.9252683e-001,9.8632800e+001
173,2.7203976e-001,9.8714500e+001
174,3.0696732e-001,9.8721500e+001
175,3.3206908e-001,9.8629600e+001
176,3.0536007e-001,9.8594800e+001
177,3.0298451e-001,9.8566400e+001
178,3.0284043e-001,9.8558200e+001
179,3.0959664e-001,9.8545000e+001
180,3.2087593e-001,9.8467800e+001
181,3.1524681e-001,9.8384600e+001
182,2.9804739e-001,9.8405000e+001
183,3.0017260e-001,9.8458500e+001
184,3.0246340e-001,9.8480600e+001
185,2.9145515e-001,9.8512300e+001
186,3.1157783e-001,9.8496400e+001
187,3.0161908e-001,9.8517200e+001
188,3.1557064e-001,9.8523000e+001
189,2.9806456e-001,9.8560700e+001
190,3.1651301e-001,9.8527800e+001
191,2.8101222e-001,9.8572600e+001
192,3.1822525e-001,9.8528700e+001
193,2.8481585e-001,9.8558100e+001
194,2.8948929e-001,9.8598400e+001
195,3.0049931e-001,9.8615500e+001
196,2.8545251e-001,9.8674200e+001
197,3.0466546e-001,9.8681300e+001
198,3.0545437e-001,9.8684500e+001
199,3.1320319e-001,9.8643900e+001
200,2.9595506e-001,9.8659100e+001
201,5.1404602e-001,9.7945300e+001
202,5.3628388e-001,9.7060500e+001
203,2.2163173e-001,9.7201400e+001
204,6.8531548e-001,9.5774500e+001
205,5.9936064e-001,9.4678600e+001
206,4.3725467e-001,9.4792800e+001
207,1.9462031e-001,9.5367300e+001
208,2.7077614e-001,9.5863100e+001
209,6.7697089e-001,9.5215400e+001
210,6.2272550e-001,9.5234300e+001
211,5.4256859e-001,9.5130000e+001
212,6.0860874e-001,9.3757500e+001
213,3.5315852e-001,9.4178100e+001
214,5.6075896e-001,9.4476300e+001
215,5.1025983e-001,9.4733400e+001
216,3.4457116e-001,9.5202900e+001
217,3.4745987e-001,9.5742100e+001
218,1.2284835e-001,9.6317000e+001
219,4.5201226e-001,9.6481300e+001
220,4.3558697e-001,9.6594900e+001
221,6.5358888e-001,9.6246600e+001
222,1.8011240e-001,9.6665800e+001
223,4.7944289e-001,9.6320600e+001
224,4.2081222e-001,9.5821600e+001
225,6.1939594e-001,9.5208100e+001
226,5.9175487e-001,9.5153200e+001
227,5.1813826e-001,9.4638300e+001
228,4.0020666e-001,9.4739600e+001
229,5.2391591e-001,9.4632000e+001
230,5.3575590e-001,9.4820300e+001
231,5.3199970e-001,9.4967500e+001
232,3.6424242e-001,9.5337500e+001
233,1.8589679e-001,9.5839000e+001
234,6.8584126e-001,9.5238800e+001
235,3.3622582e-001,9.5632600e+001
236,5.3118168e-001,9.5694800e+001
237,4.9847307e-001,9.5625600e+001
238,4.2100693e-001,9.5241900e+001
239,2.8031131e-001,9.5713600e+001
240,4.5256258e-001,9.6069600e+001
241,2.9243332e-001,9.6341000e+001
242,5.0869764e-001,9.6358300e+001
243,4.9131047e-001,9.6366400e+001
244,4.6708253e-001,9.6179100e+001
245,6.3142232e-001,9.5261800e+001
246,2.4889856e-001,9.5474300e+001
247,4.1450100e-001,9.5536600e+001
248,2.6507432e-001,9.6009300e+001
249,3.8451435e-001,9.6313100e+001
250,6.1170986e-001,9.6013600e+001
251,6.4371887e-001,9.5622900e+001
252,6.0589010e-001,9.4633400e+001
253,6.7431869e-001,9.3341100e+001
254,5.9976568e-001,9.3278100e+001
255,5.9339735e-001,9.3407100e+001
256,6.1091227e-001,9.3426000e+001
257,4.5239811e-001,9.3927600e+001
258,5.3109052e-001,9.4238700e+001
259,5.5161963e-001,9.4383300e+001
260,6.0079720e-001,9.4396800e+001
261,4.6064102e-001,9.4644900e+001
262,3.2801407e-001,9.4999200e+001
263,4.3197897e-001,9.5261500e+001
264,6.5239567e-001,9.5000000e+001
265,4.6022030e-001,9.5294000e+001
266,4.2168732e-001,9.5521600e+001
267,4.8112248e-001,9.5219500e+001
268,3.4745652e-001,9.5378600e+001
269,6.3723684e-001,9.5292900e+001
270,6.8492003e-001,9.4638700e+001
271,2.9193437e-001,9.4935000e+001
272,4.5653912e-001,9.4990200e+001
273,5.4972003e-001,9.4600900e+001
274,3.7445075e-001,9.5113000e+001
275,4.3537344e-001,9.5669500e+001
276,5.6993268e-001,9.5512000e+001
277,1.9378756e-001,9.5880800e+001
278,3.8682740e-001,9.6120300e+001
279,3.2743012e-001,9.6558700e+001
280,5.9972802e-001,9.6088000e+001
281,3.7234849e-001,9.6229600e+001
282,5.6108616e-001,9.6084800e+001
283,4.3508780e-001,9.5670000e+001
284,5.8815593e-001,9.4930600e+001
285,5.6289062e-001,9.4828200e+001
286,5.0519777e-001,9.4625000e+001
287,5.2746067e-001,9.4585800e+001
288,5.9369489e-001,9.4313100e+001
289,1.1009707e-001,9.4879200e+001
290,5.2542009e-001,9.5154500e+001
291,4.0705636e-001,9.5468300e+001
292,4.6217259e-001,9.5630500e+001
293,4.7066000e-001,9.5824000e+001
294,4.8603481e-001,9.5862200e+001
295,3.9390059e-001,9.5795700e+001
296,6.1870608e-001,9.5275800e+001
297,2.9263102e-001,9.5599000e+001
298,4.3091432e-001,9.5730700e+001
299,4.2548298e-001,9.5872000e+001
300,6.1374861e-001,9.5367000e+001
301,2.2423057e-001,9.5854300e+001
302,4.5586128e-001,9.6179800e+001
303,5.8022389e-001,9.5519800e+001
304,3.8119881e-001,9.5602300e+001
305,6.6926299e-001,9.5212500e+001
306,6.9999779e-001,9.3959300e+001
307,6.9785733e-001,9.3370800e+001
308,5.7060719e-001,9.2956700e+001
309,4.0861036e-001,9.3510900e+001
310,5.9286820e-001,9.3844400e+001
311,3.3116645e-001,9.4567900e+001
312,5.1466006e-001,9.5074000e+001
313,4.9140136e-001,9.5349200e+001
314,3.6034886e-001,9.5620400e+001
315,3.3268964e-001,9.5992900e+001
316,5.0462239e-001,9.6076000e+001
317,4.7954961e-001,9.5888600e+001
318,5.7304585e-001,9.5674500e+001
319,5.1756186e-001,9.5313700e+001
320,6.8792863e-001,9.4223600e+001
321,5.9363505e-001,9.3834800e+001
322,4.9623617e-001,9.3950900e+001
323,2.9852770e-001,9.4489500e+001
324,2.6996990e-001,9.5051800e+001
325,4.8365410e-001,9.5473600e+001
326,3.5749161e-001,9.6097000e+001
327,5.0301853e-001,9.6389300e+001
328,4.0141430e-001,9.6654800e+001
329,5.4558993e-001,9.5973900e+001
330,2.3761447e-001,9.6182000e+001
331,6.1297963e-001,9.5630000e+001
332,6.2677399e-001,9.5018200e+001
333,4.0033365e-001,9.5062700e+001
334,2.9767351e-001,9.5505300e+001
335,5.7159182e-001,9.5001200e+001
336,5.3893064e-001,9.5029500e+001
337,4.3252052e-001,9.5467400e+001
338,5.0838856e-001,9.5440900e+001
339,4.9650866e-001,9.4993600e+001
340,4.7145133e-001,9.5154900e+001
341,5.2014020e-001,9.5213300e+001
342,6.4948329e-001,9.4609700e+001
343,5.1991147e-001,9.4517900e+001
344,3.6281350e-001,9.4826600e+001
345,2.0511930e-001,9.5346500e+001
346,5.2260907e-001,9.5373700e+001
347,4.0568750e-001,9.5760600e+001
348,1.8295383e-001,9.6411600e+001
349,3.1451169e-001,9.7036200e+001
350,5.1863758e-001,9.7051600e+001
351,4.4171907e-001,9.6672000e+001
352,5.0173744e-001,9.6421900e+001
353,5.6611235e-001,9.5782700e+001
354,4.1967118e-001,9.5298800e+001
355,4.1589268e-001,9.5423400e+001
356,4.2071102e-001,9.5556000e+001
357,2.5328118e-001,9.6000700e+001
358,5.0762348e-001,9.6085400e+001
359,4.3925346e-001,9.6331000e+001
360,2.7289977e-001,9.6711700e+001
361,3.9710681e-001,9.6809400e+001
362,5.4814705e-001,9.6378400e+001
363,4.9994632e-001,9.5895800e+001
364,6.2482275e-001,9.5371400e+001
365,4.8694736e-001,9.4809900e+001
366,6.7701701e-001,9.4052000e+001
367,2.2853761e-001,9.4604300e+001
368,4.6363410e-001,9.4829300e+001
369,2.7238289e-001,9.5442600e+001
370,6.9012418e-001,9.5147200e+001
371,4.9411010e-001,9.5387500e+001
372,5.5351489e-001,9.5066700e+001
373,2.8506229e-001,9.5330200e+001
374,4.6348337e-001,9.5064200e+001
375,2.2761242e-001,9.5634600e+001
376,4.5085850e-001,9.6141000e+001
377,6.4612056e-001,9.5833200e+001
378,4.4846621e-001,9.5888700e+001
379,6.1896107e-001,9.5085700e+001
380,6.9521277e-001,9.3730500e+001
381,4.9402410e-001,9.3946800e+001
382,2.8293396e-001,9.4545600e+001
383,6.1370102e-001,9.4325800e+001
384,3.2601121e-001,9.4910000e+001
385,5.3990243e-001,9.5324600e+001
386,5.3670606e-001,9.5426700e+001
387,6.7614895e-001,9.4490700e+001
388,4.5617340e-001,9.4640800e+001
389,3.0686544e-001,9.4856400e+001
390,2.9344569e-001,9.5328000e+001
391,3.7662618e-001,9.5739900e+001
392,6.7600188e-001,9.5570500e+001
393,5.1355244e-001,9.5759700e+001
394,6.1623088e-001,9.4904000e+001
395,2.3123453e-001,9.5058200e+001
396,6.4987705e-001,9.4384500e+001
397,6.6220399e-001,9.4232300e+001
398,4.5999260e-001,9.4436500e+001
399,3.7607246e-001,9.4921400e+001
400,4.5728711e-001,9.4738200e+001
401,4.4473443e-001,9.5138600e+001
402,6.2229468e-001,9.5272900e+001
403,3.3095043e-001,9.5697500e+001
404,4.2452335e-001,9.5733500e+001
405,5.7766774e-001,9.5263300e+001
406,6.0015842e-001,9.4833700e+001
407,5.4322557e-001,9.4882800e+001
408,5.6260874e-001,9.4269500e+001
409,5.4743398e-001,9.4131500e+001
410,3.9170640e-001,9.4580200e+001
411,3.1268724e-001,9.5183700e+001
412,5.4928714e-001,9.5286900e+001
413,6.4756430e-001,9.5030400e+001
414,3.1097054e-001,9.5512900e+001
415,1.3465420e-001,9.6066600e+001
416,3.1755922e-001,9.6443500e+001
417,3.1869419e-001,9.6574800e+001
418,3.3061240e-001,9.6769600e+001
419,5.4145761e-001,9.6856600e+001
420,5.4390400e-001,9.6933200e+001
421,4.8107606e-001,9.6149500e+001
422,3.9622224e-001,9.5795000e+001
423,4.6011874e-001,9.5376200e+001
424,3.9499002e-001,9.5578400e+001
425,2.5923320e-001,9.6118000e+001
426,6.2418868e-001,9.5935900e+001
427,4.5086433e-001,9.5923300e+001
428,2.9926644e-001,9.6192400e+001
429,5.3503248e-001,9.5947300e+001
430,6.5823503e-001,9.4835200e+001
431,6.2950189e-001,9.4584800e+001
432,5.3854904e-001,9.4074700e+001
433,3.3401929e-001,9.4299300e+001
434,3.1385718e-001,9.4819300e+001
435,1.6833240e-001,9.5477700e+001
436,3.1074810e-001,9.6181100e+001
437,2.7157574e-001,9.6854500e+001
438,4.1386069e-001,9.7368600e+001
439,4.9879873e-001,9.7545500e+001
440,6.7039286e-001,9.6487000e+001
441,3.5706224e-001,9.6048400e+001
442,1.8245182e-001,9.6261800e+001
443,1.9202749e-001,9.6497900e+001
444,6.3122820e-001,9.5710300e+001
445,6.3130984e-001,9.5396400e+001
446,6.4382505e-001,9.5138900e+001
447,4.9325503e-001,9.4065700e+001
448,3.1524890e-001,9.4321800e+001
449,4.6851726e-001,9.4724600e+001
450,6.0023920e-001,9.4854700e+001
451,6.5543505e-001,9.4768100e+001
452,5.0760278e-001,9.4602600e+001
453,4.9386402e-001,9.4249700e+001
454,4.6212919e-001,9.4414200e+001
455,5.7530938e-001,9.4556400e+001
456,4.0044672e-001,9.5082800e+001
457,3.1517578e-001,9.5592200e+001
458,4.7922320e-001,9.5709900e+001
459,4.2257828e-001,9.5859400e+001
460,6.0599017e-001,9.5629000e+001
461,6.7231173e-001,9.4856500e+001
462,1.3851139e-001,9.5220300e+001
463,3.8558338e-001,9.5337800e+001
464,4.5488133e-001,9.5337600e+001
465,6.3317621e-001,9.5044100e+001
466,6.1250580e-001,9.5123600e+001
467,3.5964296e-001,9.5219800e+001
468,5.6752521e-001,9.4535000e+001
469,6.1081033e-001,9.4259500e+001
470,4.4133594e-001,9.4683200e+001
471,5.5739539e-001,9.4736800e+001
472,4.3387997e-001,9.4719000e+001
473,4.8468115e-001,9.4934900e+001
474,4.8437922e-001,9.5230100e+001
475,2.5747208e-001,9.5717000e+001
476,4.3291863e-001,9.5927200e+001
477,5.8695638e-001,9.5719800e+001
478,3.6718324e-001,9.5918900e+001
479,3.8874028e-001,9.6165500e+001
480,3.2284045e-001,9.6498500e+001
481,5.7663271e-001,9.5781800e+001
482,5.2259257e-001,9.5694400e+001
483,5.3237847e-001,9.5517300e+001
484,3.9808124e-001,9.5442300e+001
485,3.0353954e-001,9.5569900e+001
486,3.2247045e-001,9.5874100e+001
487,4.5514975e-001,9.6151800e+001
488,4.8748467e-001,9.6276800e+001
489,3.0884560e-001,9.6722800e+001
490,6.4994978e-001,9.6033000e+001
491,4.3527675e-001,9.5601300e+001
492,1.9369050e-001,9.5955400e+001
493,3.1193264e-001,9.6287400e+001
494,5.0037995e-001,9.6234100e+001
495,6.8460399e-001,9.5453200e+001
496,2.9418243e-001,9.6019400e+001
497,4.0103968e-001,9.6198900e+001
498,3.8935187e-001,9.5830400e+001
499,4.1070859e-001,9.5747700e+001
500,3.0912700e-001,9.6200600e+001
501,3.9562363e-001,9.6755200e+001
502,4.2219903e-001,9.6943900e+001
503,5.3080542e-001,9.6452400e+001
504,5.1528830e-001,9.6055500e+001
505,2.0256946e-001,9.6423300e+001
506,4.0176145e-001,9.6308400e+001
507,2.4586717e-001,9.6591300e+001
508,4.9188940e-001,9.6421500e+001
509,4.7020973e-001,9.6491200e+001
510,3.7889859e-001,9.6810000e+001
511,3.6088938e-001,9.6893600e+001
512,4.4838466e-001,9.6531200e+001
513,5.3763316e-001,9.5900500e+001
514,3.9725725e-001,9.6069900e+001
515,1.2345741e-001,9.6551600e+001
516,6.7583095e-001,9.5775200e+001
517,2.6512288e-001,9.5998200e+001
518,3.9381777e-001,9.6138100e+001
519,6.6559077e-001,9.5673800e+001
520,4.0837259e-001,9.5406400e+001
521,3.1074344e-001,9.5686800e+001
522,6.8464794e-001,9.5047600e+001
523,2.7716232e-001,9.5242100e+001
524,2.0790430e-001,9.5771300e+001
525,6.6870038e-001,9.5688800e+001
526,5.8824084e-001,9.4935000e+001
527,3.4337370e-001,9.5368300e+001
528,2.6559559e-001,9.6035200e+001
529,3.6185908e-001,9.6092300e+001
530,4.4760898e-001,9.5841400e+001
531,3.5573556e-001,9.6388900e+001
532,3.7625468e-001,9.6914600e+001
533,4.9399421e-001,9.6906800e+001
534,6.2948021e-001,9.5728100e+001
535,6.1598981e-001,9.4970400e+001
536,5.4232648e-001,9.4326200e+001
537,4.9737904e-001,9.4115900e+001
538,5.7711857e-001,9.4110100e+001
539,6.3850889e-001,9.4069800e+001
540,6.1673693e-001,9.3920200e+001
541,5.7786962e-001,9.3697400e+001
542,3.5084581e-001,9.4155400e+001
543,6.9664504e-001,9.3977200e+001
544,3.6536743e-001,9.4533700e+001
545,4.2015307e-001,9.5037300e+001
546,3.8465771e-001,9.5522000e+001
547,5.7217206e-001,9.5213500e+001
548,6.8981657e-001,9.4983600e+001
549,5.8053972e-001,9.4391300e+001
550,4.4377919e-001,9.4224400e+001
551,5.3092005e-001,9.4100900e+001
552,4.5878532e-001,9.4499500e+001
553,2.6639786e-001,9.5232700e+001
554,3.2097094e-001,9.5910200e+001
555,6.2107654e-001,9.5775900e+001
556,4.7527105e-001,9.5767900e+001
557,6.5255893e-001,9.5272400e+001
558,6.3666529e-001,9.3973800e+001
559,3.8053925e-001,9.4236500e+001
560,5.2595433e-001,9.4365900e+001
561,6.7757967e-001,9.4040500e+001
562,4.9189759e-001,9.4400000e+001
563,6.0704529e-001,9.4209100e+001
564,2.2280771e-001,9.4635400e+001
565,3.2563210e-001,9.5100000e+001
566,6.7751029e-001,9.5054900e+001
567,5.8009355e-001,9.4934900e+001
568,6.2394126e-001,9.4729600e+001
569,1.9532852e-001,9.4988700e+001
570,4.8146721e-001,9.4630600e+001
571,4.2033218e-001,9.5106000e+001
572,6.7392547e-001,9.4981200e+001
573,3.2772653e-001,9.5532300e+001
574,3.4790474e-001,9.5972800e+001
575,5.1315005e-001,9.5537100e+001
576,6.3595636e-001,9.4940700e+001
577,4.9409533e-001,9.5237500e+001
578,2.5169283e-001,9.5709100e+001
579,5.8486310e-001,9.4997800e+001
580,5.8247231e-001,9.4743400e+001
581,5.5736339e-001,9.4881100e+001
582,2.1966070e-001,9.5436500e+001
583,6.3004928e-001,9.4696600e+001
584,2.3977892e-001,9.5225700e+001
585,6.9247386e-001,9.5012900e+001
586,3.6982112e-001,9.5431300e+001
587,4.7379159e-001,9.5294800e+001
588,5.4900013e-001,9.5177800e+001
589,5.7334039e-001,9.4677200e+001
590,6.5964739e-001,9.4418900e+001
591,5.4994719e-001,9.3994100e+001
592,6.4313024e-001,9.3616400e+001
593,3.1440782e-001,9.4146000e+001
594,6.0061919e-001,9.4259900e+001
595,3.7637232e-001,9.4828700e+001
596,4.6636384e-001,9.5137800e+001
597,6.4269065e-001,9.5080700e+001
598,5.5529225e-001,9.4648300e+001
599,4.3098743e-001,9.4929600e+001
600,3.1265783e-001,9.5196200e+001
601,6.3874145e-001,9.4740100e+001
602,3.3754869e-001,9.5301400e+001
603,4.9364503e-001,9.5606100e+001
604,4.1913044e-001,9.5822400e+001
605,3.6633714e-001,9.5898700e+001
606,5.9703819e-001,9.5589900e+001
607,3.5186897e-001,9.5933900e+001
608,5.3775118e-001,9.5623500e+001
609,4.0199768e-001,9.5734600e+001
610,4.8297834e-001,9.5480700e+001
611,4.5416744e-001,9.5630600e+001
612,5.1710422e-001,9.5468300e+001
613,5.4099465e-001,9.5293500e+001
614,1.7892119e-001,9.5774700e+001
615,6.0223409e-001,9.5387600e+001
616,4.2117904e-001,9.5477700e+001
617,4.9098446e-001,9.5482800e+001
618,6.7394590e-001,9.5018300e+001
619,5.7247747e-001,9.4337800e+001
620,5.9151455e-001,9.4049000e+001
621,5.7746731e-001,9.3691600e+001
622,4.5431389e-001,9.4099800e+001
623,4.3426455e-001,9.4600900e+001
624,3.5638528e-001,9.5120700e+001
625,5.5493360e-001,9.5272700e+001
626,3.3968113e-001,9.5780300e+001
627,5.3864805e-001,9.5807900e+001
628,4.3439598e-001,9.5830800e+001
629,3.7312298e-001,9.5910200e+001
630,4.0552880e-001,9.5999200e+001
631,3.8561935e-001,9.6278800e+001
632,5.4942940e-001,9.5932000e+001
633,6.6490474e-001,9.5323500e+001
634,5.8534980e-001,9.4602000e+001
635,6.3865269e-001,9.3682800e+001
636,1.7873148e-001,9.4215000e+001
637,6.7682370e-001,9.4070700e+001
638,2.2165923e-001,9.4772400e+001
639,4.3567114e-001,9.5295900e+001
640,3.0956285e-001,9.5881000e+001
641,5.9264368e-001,9.5951900e+001
642,1.5849096e-001,9.6303700e+001
643,5.1516700e-001,9.6396800e+001
644,6.4782526e-001,9.5543400e+001
645,2.7222537e-001,9.5780100e+001
646,4.9228908e-001,9.5585400e+001
647,2.4109885e-001,9.6120200e+001
648,4.9693810e-001,9.5749000e+001
649,4.2390337e-001,9.5993600e+001
650,4.6617721e-001,9.6332600e+001
651,4.2727467e-001,9.6214300e+001
652,4.3510799e-001,9.6151500e+001
653,4.9798310e-001,9.5772200e+001
654,6.5776003e-001,9.5078200e+001
655,5.5364384e-001,9.4716400e+001
656,5.1023103e-001,9.4445100e+001
657,1.5743911e-001,9.4931400e+001
658,3.7633958e-001,9.5261100e+001
659,4.2569279e-001,9.5624200e+001
660,5.7228117e-001,9.5808800e+001
661,5.0063289e-001,9.5936400e+001
662,4.9604696e-001,9.5692800e+001
663,3.6913811e-001,9.5491200e+001
664,2.7770059e-001,9.5774900e+001
665,3.0832835e-001,9.6140900e+001
666,4.1069887e-001,9.6497300e+001
667,5.9770377e-001,9.6306400e+001
668,3.6767093e-001,9.6572000e+001
669,3.2685152e-001,9.6798100e+001
670,4.3763425e-001,9.6433500e+001
671,5.3349101e-001,9.5759400e+001
672,4.8605309e-001,9.5769200e+001
673,2.4092666e-001,9.6328200e+001
674,4.6137064e-001,9.6226700e+001
675,4.2191700e-001,9.6035800e+001
676,2.6350357e-001,9.6398400e+001
677,4.7109426e-001,9.6545500e+001
678,2.8901983e-001,9.6980200e+001
679,3.4105019e-001,9.7193200e+001
680,4.4794344e-001,9.6952200e+001
681,4.1015539e-001,9.7005500e+001
682,6.9163479e-001,9.5834200e+001
683,6.3395218e-001,9.4776800e+001
684,4.0868314e-001,9.4585900e+001
685,4.4831184e-001,9.4532300e+001
686,5.9494385e-001,9.4330900e+001
687,6.8220621e-001,9.4290500e+001
688,3.8549946e-001,9.4726300e+001
689,5.0502887e-001,9.4544100e+001
690,4.9508277e-001,9.4534600e+001
691,2.9621659e-001,9.5121300e+001
692,4.7658440e-001,9.5606100e+001
693,4.7381721e-001,9.5833400e+001
694,5.6582048e-001,9.5513100e+001
695,2.4978592e-001,9.5986500e+001
696,3.4150981e-001,9.6332700e+001
697,3.1546722e-001,9.6470800e+001
698,4.2472601e-001,9.6511200e+001
699,4.1996409e-001,9.6657300e+001
700,3.6696368e-001,9.7008000e+001
701,3.1028505e-001,9.7397800e+001
702,6.1808890e-001,9.6395300e+001
703,3.5702639e-001,9.6294700e+001
704,6.3451015e-001,9.5576700e+001
705,5.9064205e-001,9.4769700e+001
706,6.7060496e-001,9.3994000e+001
707,3.5984892e-001,9.4292200e+001
708,3.7700185e-001,9.4534700e+001
709,4.9423088e-001,9.4873300e+001
710,5.6153864e-001,9.5008400e+001
711,4.8017779e-001,9.5419600e+001
712,4.6828308e-001,9.5441700e+001
713,4.0957495e-001,9.5348800e+001
714,6.1894594e-001,9.4935700e+001
715,4.3665655e-001,9.5190900e+001
716,1.7653011e-001,9.5744500e+001
717,6.4501135e-001,9.5352000e+001
718,6.6786666e-001,9.4575000e+001
719,5.0181557e-001,9.4756900e+001
720,6.9609533e-001,9.3533700e+001
721,4.3152382e-001,9.3809000e+001
722,5.0944143e-001,9.4214300e+001
723,5.9689479e-001,9.4235300e+001
724,4.3491194e-001,9.4577400e+001
725,2.0976967e-001,9.5303200e+001
726,4.9245914e-001,9.5609800e+001
727,2.8710292e-001,9.5994000e+001
728,5.0425144e-001,9.6083400e+001
729,6.7364864e-001,9.5745800e+001
730,5.4663010e-001,9.4998400e+001
731,3.3591620e-001,9.5204800e+001
732,4.9989745e-001,9.4801400e+001
733,6.0705126e-001,9.4570700e+001
734,3.8138595e-001,9.5145800e+001
735,3.8786588e-001,9.5629800e+001
736,6.7930000e-001,9.4825200e+001
737,6.8422086e-001,9.4268900e+001
738,5.0785955e-001,9.4261800e+001
739,4.0070910e-001,9.4212800e+001
740,4.8275039e-001,9.4334500e+001
741,2.4960685e-001,9.5050400e+001
742,5.9746769e-001,9.5388500e+001
743,5.4675707e-001,9.5483300e+001
744,5.1227896e-001,9.5270200e+001
745,3.3415775e-001,9.5543000e+001
746,3.3198372e-001,9.5688000e+001
747,3.0980882e-001,9.5929900e+001
748,3.7534543e-001,9.6373400e+001
749,3.3026840e-001,9.6865000e+001
750,5.9141976e-001,9.6755000e+001
751,6.2480318e-001,9.5908100e+001
752,5.8984174e-001,9.4859300e+001
753,2.5680942e-001,9.5080500e+001
754,3.0729164e-001,9.5220600e+001
755,3.5787744e-001,9.5538900e+001
756,5.7857207e-001,9.5646800e+001
757,4.8090710e-001,9.5967300e+001
758,4.2765729e-001,9.6275700e+001
759,6.2310947e-001,9.5132400e+001
760,4.0062703e-001,9.5015500e+001
761,5.1305235e-001,9.5109400e+001
762,5.8617454e-001,9.4799300e+001
763,6.8559795e-001,9.4207600e+001
764,6.6493947e-001,9.3592600e+001
765,6.0373712e-001,9.3231100e+001
766,5.8488522e-001,9.3238500e+001
767,5.4864868e-001,9.3578300e+001
768,6.1182951e-001,9.3764900e+001
769,5.2550088e-001,9.4022200e+001
770,5.8138100e-001,9.4074800e+001
771,4.2981436e-001,9.4413100e+001
772,5.0848054e-001,9.4612400e+001
773,4.4007320e-001,9.5001300e+001
774,5.9493148e-001,9.4891000e+001
775,4.6464415e-001,9.5125300e+001
776,5.5036938e-001,9.4877000e+001
777,5.9990798e-001,9.4494100e+001
778,4.9467768e-001,9.4492100e+001
779,3.8233670e-001,9.4923100e+001
780,5.0917187e-001,9.4912500e+001
781,4.6320528e-001,9.5125500e+001
782,6.3694510e-001,9.5003500e+001
783,4.4405183e-001,9.5120800e+001
784,3.6465878e-001,9.5252100e+001
785,4.5888306e-001,9.5325600e+001
786,1.0405638e-001,9.5814700e+001
787,5.3741563e-001,9.5837900e+001
788,2.5772945e-001,9.6437700e+001
789,4.9927111e-001,9.6641300e+001
790,5.4572186e-001,9.6210400e+001
791,5.4120015e-001,9.5656800e+001
792,5.7206855e-001,9.5062800e+001
793,5.3519836e-001,9.4474100e+001
794,6.8207777e-001,9.3935600e+001
795,3.7479262e-001,9.4310400e+001
796,5.8721672e-001,9.4270400e+001
797,1.4001168e-001,9.4867200e+001
798,2.5345937e-001,9.5504900e+001
799,2.2745673e-001,9.6100000e+001
800,6.5044760e-001,9.6155300e+001
801,1.8262941e-001,9.6756700e+001
802,3.6358829e-001,9.7039400e+001
803,1.9351877e-001,9.7530900e+001
804,2.0261086e-001,9.8081200e+001
805,3.4466012e-001,9.8168500e+001
806,2.0516149e-001,9.8244500e+001
807,2.5489762e-001,9.8287300e+001
808,4.4046921e-001,9.8424100e+001
809,4.5182346e-001,9.8297300e+001
810,4.2640549e-001,9.7839800e+001
811,1.9268513e-001,9.7908300e+001
812,3.5067907e-001,9.7677400e+001
813,3.2333343e-001,9.7478200e+001
814,2.5341607e-001,9.7523100e+001
815,2.5511131e-001,9.7789100e+001
816,1.8096197e-001,9.8214300e+001
817,2.6470857e-001,9.8600600e+001
818,4.3084583e-001,9.8643100e+001
819,3.9068085e-001,9.8419900e+001
820,4.9163931e-001,9.7861000e+001
821,5.1497101e-001,9.6988400e+001
822,4.4767107e-001,9.6102400e+001
823,1.6354843e-001,9.6347000e+001
824,1.9607316e-001,9.6703900e+001
825,2.3300063e-001,9.7085900e+001
826,3.5906062e-001,9.7244400e+001
827,3.5868551e-001,9.7491500e+001
828,3.6099514e-001,9.7812000e+001
829,2.4946826e-001,9.8275400e+001
830,2.3924504e-001,9.8712100e+001
831,3.0626126e-001,9.8848200e+001
832,3.1001596e-001,9.8582800e+001
833,3.4626315e-001,9.8300100e+001
834,3.8763125e-001,9.8170600e+001
835,1.9862652e-001,9.8470600e+001
836,3.6306330e-001,9.8456200e+001
837,1.7286412e-001,9.8684100e+001
838,1.5476306e-001,9.8906500e+001
839,3.6655763e-001,9.8660000e+001
840,5.6644625e-001,9.7820200e+001
841,1.4065499e-001,9.8147700e+001
842,2.4101834e-001,9.8432100e+001
843,3.9406600e-001,9.8217800e+001
844,3.0530251e-001,9.8174600e+001
845,4.7403890e-001,9.7267600e+001
846,2.4255845e-001,9.7426900e+001
847,4.7537313e-001,9.7481900e+001
848,3.7176098e-001,9.7275000e+001
849,2.2760989e-001,9.7371600e+001
850,1.9161296e-001,9.7680800e+001
851,3.8720572e-001,9.7613800e+001
852,1.2706572e-001,9.7990000e+001
853,1.8654334e-001,9.8412700e+001
854,1.4637480e-001,9.8822800e+001
855,4.0608132e-001,9.8732800e+001
856,1.2785727e-001,9.9112500e+001
857,4.8612619e-001,9.9002700e+001
858,3.8481131e-001,9.8670600e+001
859,4.1086037e-001,9.8228200e+001
860,2.6638386e-001,9.8147300e+001
861,3.4969269e-001,9.7591900e+001
862,6.1231059e-001,9.6390500e+001
863,2.3890138e-001,9.6686900e+001
864,1.8176720e-001,9.7145300e+001
865,2.3502619e-001,9.7530400e+001
866,1.5124480e-001,9.7941000e+001
867,2.2341119e-001,9.8310000e+001
868,1.4732901e-001,9.8677700e+001
869,1.7959490e-001,9.8973400e+001
870,2.3037236e-001,9.9180900e+001
871,3.8446514e-001,9.9286700e+001
872,4.3193675e-001,9.9490400e+001
873,5.0232843e-001,9.8673300e+001
874,3.8105386e-001,9.7968700e+001
875,2.3872657e-001,9.7776600e+001
876,3.8124831e-001,9.7070800e+001
877,3.3925276e-001,9.6932400e+001
878,2.5063662e-001,9.7231900e+001
879,2.3823534e-001,9.7621300e+001
880,2.9162100e-001,9.8005400e+001
881,2.9512106e-001,9.8384800e+001
882,3.1730476e-001,9.8581100e+001
883,5.4976722e-001,9.7851600e+001
884,3.4504903e-001,9.7828300e+001
885,1.0633589e-001,9.8150600e+001
886,3.0253570e-001,9.8114600e+001
887,1.5792626e-001,9.8313700e+001
888,4.2958573e-001,9.7870600e+001
889,3.2107846e-001,9.7797800e+001
890,2.1409745e-001,9.8075800e+001
891,1.8884214e-001,9.8509700e+001
892,2.4859833e-001,9.8977700e+001
893,3.2215574e-001,9.9186000e+001
894,1.9494995e-001,9.9343100e+001
895,1.6273534e-001,9.9507900e+001
896,3.3090794e-001,9.9289300e+001
897,2.9361081e-001,9.9360500e+001
898,3.2598248e-001,9.9437100e+001
899,1.3940313e-001,9.9696900e+001
900,4.1787540e-001,9.9127500e+001
901,1.7932187e-001,9.9244000e+001
902,1.8321508e-001,9.9435500e+001
903,3.4236172e-001,9.9194300e+001
904,3.6557708e-001,9.8764200e+001
905,4.9095179e-001,9.8152000e+001
906,3.3545272e-001,9.7966200e+001
907,3.4562471e-001,9.7802000e+001
908,1.7712013e-001,9.8070100e+001
909,1.8285133e-001,9.8220900e+001
910,1.1715482e-001,9.8433200e+001
911,3.9296264e-001,9.8155500e+001
912,3.5433543e-001,9.8178400e+001
913,1.8374547e-001,9.8583200e+001
914,2.3967662e-001,9.8999700e+001
915,1.9823075e-001,9.9378200e+001
916,3.2071657e-001,9.9488800e+001
917,3.9111222e-001,9.9141000e+001
918,1.3070432e-001,9.9267700e+001
919,3.0163596e-001,9.9010400e+001
920,3.0535400e-001,9.9056200e+001
921,2.5040777e-001,9.9249300e+001
922,1.5144255e-001,9.9488900e+001
923,3.3936234e-001,9.9194600e+001
924,1.1554296e-001,9.9395200e+001
925,2.3759627e-001,9.9457600e+001
926,2.7435360e-001,9.9569900e+001
927,1.4909495e-001,9.9880500e+001
928,3.0765977e-001,9.9837300e+001
929,2.4410252e-001,9.9879500e+001
930,1.2086844e-001,1.0014500e+002
931,1.9041405e-001,1.0035300e+002
932,2.1453004e-001,1.0045500e+002
933,3.0471789e-001,1.0027800e+002
934,2.2721754e-001,1.0031800e+002
935,2.7635010e-001,1.0017300e+002
936,3.5789227e-001,9.9801200e+001
937,1.4124513e-001,9.9962900e+001
938,3.5516833e-001,9.9691500e+001
939,1.2981258e-001,9.9884600e+001
940,1.7407150e-001,9.9958000e+001
941,2.5406338e-001,9.9778000e+001
942,3.9258127e-001,9.9300500e+001
943,2.1688721e-001,9.9389200e+001
944,2.2515620e-001,9.9476600e+001
945,4.0144172e-001,9.9204300e+001
946,3.6608911e-001,9.8899500e+001
947,2.0039922e-001,9.9032100e+001
948,3.8014131e-001,9.8463700e+001
949,3.3070770e-001,9.8243500e+001
950,4.3093745e-001,9.7886300e+001
951,4.1173800e-001,9.7382000e+001
952,2.3759030e-001,9.7630700e+001
953,1.7331833e-001,9.8000900e+001
954,2.7940152e-001,9.8150800e+001
955,2.7213120e-001,9.8195500e+001
956,2.2034254e-001,9.8441500e+001
957,3.3938529e-001,9.8498500e+001
958,5.1289247e-001,9.8205800e+001
959,1.8842221e-001,9.8573700e+001
960,1.6118362e-001,9.8932500e+001
961,1.8909669e-001,9.9158300e+001
962,3.7323074e-001,9.8740800e+001
963,3.8378908e-001,9.8342300e+001
964,2.3427026e-001,9.8378400e+001
965,4.1014018e-001,9.8150300e+001
966,2.9479408e-001,9.8455700e+001
967,1.2580824e-001,9.8850400e+001
968,3.5185407e-001,9.8594600e+001
969,2.5915906e-001,9.8442300e+001
970,5.2625642e-001,9.7863700e+001
971,2.2152720e-001,9.8100800e+001
972,3.4125060e-001,9.8041600e+001
973,1.6839038e-001,9.8379800e+001
974,4.1735592e-001,9.8112500e+001
975,2.0914264e-001,9.8178800e+001
976,3.2098673e-001,9.8113900e+001
977,1.6404711e-001,9.8393500e+001
978,2.0295767e-001,9.8741300e+001
979,4.3781138e-001,9.8752600e+001
980,1.1805573e-001,9.9053500e+001
981,2.9129769e-001,9.9098800e+001
982,4.7379296e-001,9.8536000e+001
983,3.8754418e-001,9.8289100e+001
984,2.8370684e-001,9.8239300e+001
985,1.8169374e-001,9.8352500e+001
986,1.2209150e-001,9.8551500e+001
987,2.8818667e-001,9.8567700e+001
988,3.0810960e-001,9.8601900e+001
989,1.6544316e-001,9.8788100e+001
990,1.3744427e-001,9.9052700e+001
991,2.0837161e-001,9.9350500e+001
992,2.8568014e-001,9.9660300e+001
993,2.2522814e-001,1.0000500e+002
994,1.8132408e-001,1.0033000e+002
995,1.2418816e-001,1.0062800e+002
996,3.5264284e-001,1.0034400e+002
997,1.3633327e-001,1.0046300e+002
998,1.9951266e-001,1.0053900e+002
999,3.5867476e-001,1.0030400e+002
1000,2.2678334e-001,1.0023600e+002
1001,2.0709126e-001,1.0018200e+002
1002,2.2130069e-001,1.0018400e+002
1003,5.0463379e-001,9.9245500e+001
1004,3.0145567e-001,9.8907900e+001
1005,3.2858988e-001,9.8656000e+001
1006,2.1913318e-001,9.8634500e+001
1007,1.6525665e-001,9.8831700e+001
1008,2.6759926e-001,9.8915600e+001
1009,2.8286754e-001,9.8812900e+001
1010,3.2805206e-001,9.8550700e+001
1011,3.2523609e-001,9.8676800e+001
1012,3.7626453e-001,9.8746400e+001
1013,2.5072818e-001,9.8905000e+001
1014,3.4381783e-001,9.8718700e+001
1015,1.6743607e-001,9.8824600e+001
1016,2.1396268e-001,9.8860200e+001
1017,1.1252905e-001,9.9104400e+001
1018,2.4549271e-001,9.9206000e+001
1019,3.7517807e-001,9.9050900e+001
1020,4.6145424e-001,9.8692000e+001
1021,2.8224446e-001,9.8798400e+001
1022,2.8337405e-001,9.8840900e+001
1023,2.8611046e-001,9.8836000e+001
1024,5.5093830e-001,9.7391700e+001
1025,3.4066738e-001,9.7107600e+001
1026,1.5197145e-001,9.7469200e+001
1027,2.6603861e-001,9.7816600e+001
1028,2.4659475e-001,9.8169500e+001
1029,2.5536054e-001,9.8358500e+001
1030,2.7645732e-001,9.8400600e+001
1031,2.8917628e-001,9.8447600e+001
1032,1.6348541e-001,9.8823000e+001
1033,3.3951888e-001,9.9168200e+001
1034,2.7046157e-001,9.9453100e+001
1035,2.1874600e-001,9.9601200e+001
1036,2.9002222e-001,9.9469600e+001
1037,1.2328041e-001,9.9687500e+001
1038,4.3963134e-001,9.9151800e+001
1039,3.5291303e-001,9.8893500e+001
1040,2.6518102e-001,9.8852200e+001
1041,2.3655523e-001,9.8891300e+001
1042,2.5199344e-001,9.8989900e+001
1043,1.6765270e-001,9.9211100e+001
1044,3.2686007e-001,9.9024900e+001
1045,1.2405345e-001,9.9247600e+001
1046,3.2666010e-001,9.9066400e+001
1047,1.7034562e-001,9.9352200e+001
1048,1.9270485e-001,9.9697800e+001
1049,4.7662693e-001,9.9367000e+001
1050,3.4686269e-001,9.9086600e+001
1051,3.8262922e-001,9.8586400e+001
1052,2.0319400e-001,9.8664600e+001
1053,2.1528451e-001,9.8750200e+001
1054,3.1300494e-001,9.8565400e+001
1055,3.9066327e-001,9.8019900e+001
1056,2.4084280e-001,9.8128700e+001
1057,2.4570769e-001,9.8465500e+001
1058,2.4286516e-001,9.8791700e+001
1059,1.3402357e-001,9.9154600e+001
1060,2.2927376e-001,9.9448800e+001
1061,3.0903107e-001,9.9455300e+001
1062,2.6820378e-001,9.9376500e+001
1063,1.8099952e-001,9.9550800e+001
1064,3.4452150e-001,9.9538100e+001
1065,3.2518471e-001,9.9536200e+001
1066,2.6678874e-001,9.9513300e+001
1067,2.2478715e-001,9.9538300e+001
1068,2.6348579e-001,9.9378000e+001
1069,1.5592763e-001,9.9498100e+001
1070,2.3837348e-001,9.9549700e+001
1071,3.7908335e-001,9.9248700e+001
1072,1.2150219e-001,9.9462900e+001
1073,2.7508732e-001,9.9471700e+001
1074,1.5348803e-001,9.9748800e+001
1075,3.4248014e-001,9.9718300e+001
1076,3.0478277e-001,9.9623500e+001
1077,2.7791580e-001,9.9524800e+001
1078,2.6602543e-001,9.9397700e+001
1079,3.3206054e-001,9.9123600e+001
1080,2.6641912e-001,9.9191600e+001
1081,3.3763805e-001,9.8909900e+001
1082,5.1996992e-001,9.7912400e+001
1083,3.3146935e-001,9.7815600e+001
1084,4.7597072e-001,9.7172500e+001
1085,2.2900815e-001,9.7290100e+001
1086,3.0414237e-001,9.7307100e+001
1087,1.7400329e-001,9.7556000e+001
1088,2.5946327e-001,9.7715400e+001
1089,2.0744045e-001,9.8067100e+001
1090,3.2442896e-001,9.8407700e+001
1091,3.2951397e-001,9.8614200e+001
1092,3.9886047e-001,9.8657400e+001
1093,2.5991138e-001,9.8891000e+001
1094,3.7271513e-001,9.8645500e+001
1095,1.7252572e-001,9.8791400e+001
1096,2.4812840e-001,9.8753700e+001
1097,1.8805505e-001,9.8861300e+001
1098,1.1872720e-001,9.9098100e+001
1099,2.7114157e-001,9.9163900e+001
1100,4.1266141e-001,9.8965600e+001
1101,2.1701996e-001,9.9242500e+001
1102,2.5069271e-001,9.9448100e+001
1103,3.1989274e-001,9.9454500e+001
1104,1.7494620e-001,9.9697400e+001
1105,2.9293996e-001,9.9592700e+001
1106,2.2205554e-001,9.9559800e+001
1107,3.8306989e-001,9.8938100e+001
1108,2.4049880e-001,9.9029800e+001
1109,1.3125138e-001,9.9366100e+001
1110,3.9629095e-001,9.9161700e+001
1111,1.6052844e-001,9.9345300e+001
1112,4.5269696e-001,9.8810100e+001
1113,4.0280081e-001,9.8282500e+001
1114,3.8265205e-001,9.7943000e+001
1115,1.1809846e-001,9.8272100e+001
1116,5.1848121e-001,9.7434400e+001
1117,1.9957772e-001,9.7602100e+001
1118,3.4374244e-001,9.7477900e+001
1119,1.4808620e-001,9.7790200e+001
1120,3.8739020e-001,9.7896600e+001
1121,3.6396804e-001,9.7999400e+001
1122,1.1246691e-001,9.8373100e+001
1123,3.7118863e-001,9.8262500e+001
1124,2.9577806e-001,9.8444400e+001
1125,1.1537941e-001,9.8838700e+001
1126,2.7714097e-001,9.8994500e+001
1127,3.0300001e-001,9.8951900e+001
1128,1.2146752e-001,9.9195300e+001
1129,2.0959934e-001,9.9369500e+001
1130,2.8655503e-001,9.9518600e+001
1131,2.1197461e-001,9.9761800e+001
1132,3.1161134e-001,9.9681500e+001
1133,3.7962268e-001,9.9484700e+001
1134,3.4361053e-001,9.9178600e+001
1135,3.4420044e-001,9.8890300e+001
1136,3.2432702e-001,9.8594100e+001
1137,1.5779537e-001,9.8698600e+001
1138,3.5146401e-001,9.8382400e+001
1139,2.1075228e-001,9.8469700e+001
1140,1.0536601e-001,9.8744700e+001
1141,1.4969349e-001,9.9033700e+001
1142,2.8411633e-001,9.9201800e+001
1143,4.2073507e-001,9.9054000e+001
1144,1.8182116e-001,9.9340000e+001
1145,2.9937767e-001,9.9452800e+001
1146,1.8999271e-001,9.9668300e+001
1147,4.1690553e-001,9.9245100e+001
1148,1.4458814e-001,9.9476600e+001
1149,2.2754941e-001,9.9462200e+001
1150,2.9193579e-001,9.9108600e+001
1151,3.7433432e-001,9.8844900e+001
1152,2.3111732e-001,9.9083400e+001
1153,3.1028898e-001,9.9012000e+001
1154,3.7140427e-001,9.8664200e+001
1155,1.3553399e-001,9.8929300e+001
1156,5.3167429e-001,9.8167800e+001
1157,2.9135621e-001,9.7983400e+001
1158,4.9578433e-001,9.7431500e+001
1159,2.1491085e-001,9.7588200e+001
1160,4.0753269e-001,9.7271600e+001
1161,1.9269702e-001,9.7553700e+001
1162,2.5476299e-001,9.7662300e+001
1163,1.6656780e-001,9.7970900e+001
1164,4.1198057e-001,9.8089500e+001
1165,3.3517725e-001,9.8179900e+001
1166,1.2627724e-001,9.8585100e+001
1167,1.3878546e-001,9.9018500e+001
1168,3.6771822e-001,9.9044600e+001
1169,1.7444083e-001,9.9320700e+001
1170,1.2694018e-001,9.9649100e+001
1171,1.8912788e-001,9.9886900e+001
1172,3.2286175e-001,9.9680000e+001
1173,1.7641353e-001,9.9798100e+001
1174,3.1153833e-001,9.9803400e+001
1175,2.1852730e-001,1.0006700e+002
1176,1.9898006e-001,1.0027300e+002
1177,2.1098182e-001,1.0030100e+002
1178,1.1834471e-001,1.0047400e+002
1179,5.2977876e-001,9.9570600e+001
1180,1.8646956e-001,9.9531100e+001
1181,3.1537572e-001,9.9276500e+001
1182,1.8447284e-001,9.9423800e+001
1183,4.5731656e-001,9.8805900e+001
1184,1.3504128e-001,9.9004400e+001
1185,3.6586560e-001,9.8521500e+001
1186,2.0313369e-001,9.8510400e+001
1187,3.1147607e-001,9.8565400e+001
1188,2.2968091e-001,9.8909100e+001
1189,1.7308105e-001,9.9183800e+001
1190,3.4570086e-001,9.9008000e+001
1191,1.9449520e-001,9.9165100e+001
1192,2.7292667e-001,9.9332800e+001
1193,1.1914179e-001,9.9661600e+001
1194,2.0139396e-001,9.9876400e+001
1195,2.5798405e-001,9.9963200e+001
1196,4.6323237e-001,9.9400400e+001
1197,5.0532146e-001,9.8464400e+001
1198,2.8978780e-001,9.8353700e+001
1199,4.2190335e-001,9.7798000e+001
1200,2.1888205e-001,9.7749500e+001
1201,4.1103214e-001,9.7009300e+001
1202,1.0836722e-001,9.7310000e+001
1203,1.7615242e-001,9.7677500e+001
1204,2.0959359e-001,9.8106400e+001
1205,1.8575075e-001,9.8578600e+001
1206,2.6581299e-001,9.9010500e+001
1207,3.8151057e-001,9.9052400e+001
1208,1.8424918e-001,9.9362900e+001
1209,2.7606314e-001,9.9565800e+001
1210,1.7616725e-001,9.9818400e+001
1211,1.7362879e-001,1.0009100e+002
1212,3.0916379e-001,1.0007000e+002
1213,4.2776688e-001,9.9249800e+001
1214,2.6129390e-001,9.9073500e+001
1215,2.0065052e-001,9.9198800e+001
1216,1.6064457e-001,9.9473900e+001
1217,2.2056389e-001,9.9686300e+001
1218,1.7383541e-001,9.9878600e+001
1219,3.2683857e-001,9.9641300e+001
1220,1.4242755e-001,9.9772600e+001
1221,1.2771850e-001,9.9935800e+001
1222,2.2298505e-001,1.0000100e+002
1223,1.9084367e-001,1.0024000e+002
1224,2.0542504e-001,1.0054400e+002
1225,2.8452314e-001,1.0069100e+002
1226,2.2955096e-001,1.0074500e+002
1227,2.2037776e-001,1.0070400e+002
1228,4.0937100e-001,1.0002800e+002
1229,2.0335102e-001,1.0009100e+002
1230,4.4794229e-001,9.9262300e+001
1231,2.1200893e-001,9.9162700e+001
1232,3.4841733e-001,9.8695300e+001
1233,3.1547358e-001,9.8467100e+001
1234,3.6947369e-001,9.8059100e+001
1235,4.6229396e-001,9.7583800e+001
1236,2.6762134e-001,9.7652200e+001
1237,3.7004285e-001,9.7643200e+001
1238,3.7697806e-001,9.7427100e+001
1239,2.0837167e-001,9.7654600e+001
1240,2.8686034e-001,9.7775900e+001
1241,2.1260432e-001,9.8050700e+001
1242,1.4840304e-001,9.8422200e+001
1243,1.3407561e-001,9.8821600e+001
1244,3.2573810e-001,9.9083400e+001
1245,1.7705589e-001,9.9411100e+001
1246,2.4341519e-001,9.9612400e+001
1247,2.6755900e-001,9.9799200e+001
1248,2.1257882e-001,1.0008100e+002
1249,2.7591204e-001,1.0018400e+002
1250,5.3931158e-001,9.9218400e+001
1251,2.9811593e-001,9.8809400e+001
1252,1.0868663e-001,9.8982600e+001
1253,5.3253414e-001,9.7960000e+001
1254,2.7093796e-001,9.7830400e+001
1255,3.0865902e-001,9.7634500e+001
1256,3.0318603e-001,9.7514800e+001
1257,1.7599867e-001,9.7867300e+001
1258,2.0222471e-001,9.8332600e+001
1259,1.7033163e-001,9.8797900e+001
1260,2.4632961e-001,9.9058400e+001
1261,4.5720638e-001,9.8660500e+001
1262,1.6217484e-001,9.9071200e+001
1263,2.3325240e-001,9.9397900e+001
1264,4.1308264e-001,9.9137600e+001
1265,1.7731608e-001,9.9358100e+001
1266,3.5227445e-001,9.9053100e+001
1267,3.7311505e-001,9.8424400e+001
1268,4.1071960e-001,9.8001800e+001
1269,3.8482581e-001,9.7860100e+001
1270,2.1405377e-001,9.7919700e+001
1271,2.8460303e-001,9.7981500e+001
1272,2.9505057e-001,9.8046300e+001
1273,1.4307746e-001,9.8302300e+001
1274,3.7530190e-001,9.8203800e+001
1275,1.5132221e-001,9.8554400e+001
1276,2.3884306e-001,9.8871100e+001
1277,3.4715086e-001,9.9021400e+001
1278,2.1279367e-001,9.9331400e+001
1279,3.1448487e-001,9.9330600e+001
1280,2.6393662e-001,9.9337000e+001
1281,2.6483327e-001,9.9356300e+001
1282,4.3140245e-001,9.8820400e+001
1283,1.7152579e-001,9.9024100e+001
1284,2.4905399e-001,9.9009500e+001
1285,1.9748717e-001,9.9135800e+001
1286,2.3648806e-001,9.9274200e+001
1287,2.4951178e-001,9.9344500e+001
1288,4.8574590e-001,9.8709100e+001
1289,4.9193321e-001,9.8030600e+001
1290,2.5755095e-001,9.8237300e+001
1291,1.7106316e-001,9.8480700e+001
1292,3.2375661e-001,9.8226900e+001
1293,2.6753358e-001,9.8075300e+001
1294,4.3769541e-001,9.7469200e+001
1295,2.9290178e-001,9.7695500e+001
1296,2.3410120e-001,9.8140100e+001
1297,3.4674158e-001,9.8444300e+001
1298,5.3049819e-001,9.7623200e+001
1299,2.1893973e-001,9.7714500e+001
1300,2.2848314e-001,9.7873500e+001
1301,4.9778677e-001,9.7499200e+001
1302,3.8740041e-001,9.7285500e+001
1303,1.4820935e-001,9.7526400e+001
1304,1.5871615e-001,9.7801200e+001
1305,1.4979417e-001,9.8138400e+001
1306,3.6551671e-001,9.8346900e+001
1307,3.6966951e-001,9.8432600e+001
1308,3.6301383e-001,9.8167600e+001
1309,2.2842328e-001,9.8471800e+001
1310,2.2036580e-001,9.8890700e+001
1311,1.6087727e-001,9.9300300e+001
1312,1.9065840e-001,9.9604100e+001
1313,1.4732548e-001,9.9805700e+001
1314,1.1916692e-001,9.9964400e+001
1315,1.5507843e-001,1.0004200e+002
1316,3.3091058e-001,9.9843900e+001
1317,3.3459110e-001,9.9882900e+001
1318,1.4463245e-001,1.0021200e+002
1319,2.8736872e-001,1.0038000e+002
1320,4.5943878e-001,9.9771000e+001
1321,2.8997505e-001,9.9433500e+001
1322,2.9062064e-001,9.8985100e+001
1323,5.8508883e-001,9.7449200e+001
1324,2.8635954e-001,9.7463800e+001
1325,1.3611377e-001,9.7698400e+001
1326,1.9873480e-001,9.7818200e+001
1327,2.2724587e-001,9.8007000e+001
1328,1.9437502e-001,9.8378200e+001
1329,1.8929577e-001,9.8767400e+001
1330,3.7765958e-001,9.8676900e+001
1331,5.3655874e-001,9.8315400e+001
1332,1.9932171e-001,9.8786600e+001
1333,1.5913416e-001,9.9188300e+001
1334,1.2834302e-001,9.9486800e+001
1335,3.0811838e-001,9.9239800e+001
1336,2.8711496e-001,9.8978000e+001
1337,3.1304094e-001,9.8636400e+001
1338,2.7346191e-001,9.8606700e+001
1339,2.2037863e-001,9.8909500e+001
1340,4.4870949e-001,9.8996300e+001
1341,4.1766862e-001,9.8440000e+001
1342,1.4075408e-001,9.8533000e+001
1343,1.7030403e-001,9.8667800e+001
1344,4.0033332e-001,9.8348900e+001
1345,2.5789693e-001,9.8434900e+001
1346,4.8869228e-001,9.7737200e+001
1347,1.4704148e-001,9.8002500e+001
1348,2.9324780e-001,9.8241900e+001
1349,1.5572401e-001,9.8659300e+001
1350,2.4349326e-001,9.8987000e+001
1351,1.5490499e-001,9.9243700e+001
1352,2.3304001e-001,9.9242200e+001
1353,1.5912718e-001,9.9449800e+001
1354,3.1501654e-001,9.9508700e+001
1355,2.4007092e-001,9.9698000e+001
1356,3.1952330e-001,9.9878500e+001
1357,1.9467540e-001,1.0013900e+002
1358,2.5496120e-001,1.0016500e+002
1359,2.8428459e-001,1.0000500e+002
1360,3.6317345e-001,9.9489800e+001
1361,1.7478617e-001,9.9533900e+001
1362,1.8775826e-001,9.9580500e+001
1363,1.6524104e-001,9.9721700e+001
1364,3.0533644e-001,9.9637100e+001
1365,2.9421396e-001,9.9587800e+001
1366,2.5852977e-001,9.9602800e+001
1367,1.4742389e-001,9.9787500e+001
1368,1.2238979e-001,1.0000900e+002
1369,2.1822366e-001,1.0012800e+002
1370,3.6526927e-001,9.9992500e+001
1371,4.4643519e-001,9.9332400e+001
1372,2.3768680e-001,9.9191200e+001
1373,4.5965502e-001,9.8572900e+001
1374,1.9690929e-001,9.8734400e+001
1375,1.9124237e-001,9.8852200e+001
1376,2.3597463e-001,9.8698500e+001
1377,3.7248081e-001,9.8167300e+001
1378,1.6151388e-001,9.8456400e+001
1379,2.8968572e-001,9.8706500e+001
1380,2.9164447e-001,9.8926200e+001
1381,3.7837508e-001,9.8844800e+001
1382,3.2205109e-001,9.8935800e+001
1383,2.6772958e-001,9.8864300e+001
1384,3.8430006e-001,9.8409200e+001
1385,3.1418771e-001,9.8353100e+001
1386,2.7843250e-001,9.8275100e+001
1387,2.2935855e-001,9.8375100e+001
1388,3.5169217e-001,9.8285500e+001
1389,1.7689778e-001,9.8601100e+001
1390,1.5718575e-001,9.8940600e+001
1391,2.8102583e-001,9.9064000e+001
1392,2.8504084e-001,9.9120600e+001
1393,3.3010385e-001,9.9168000e+001
1394,2.9651380e-001,9.9239100e+001
1395,1.9637535e-001,9.9432100e+001
1396,3.5845385e-001,9.9203700e+001
1397,1.5396981e-001,9.9448800e+001
1398,2.2931369e-001,9.9554700e+001
1399,1.3097580e-001,9.9727500e+001
1400,1.5577249e-001,9.9851600e+001
1401,1.2940301e-001,1.0004400e+002
1402,1.6831904e-001,1.0023200e+002
1403,3.6954265e-001,1.0006100e+002
1404,2.1887237e-001,1.0023900e+002
1405,2.0082602e-001,1.0043100e+002
1406,3.9449087e-001,1.0010000e+002
1407,1.8502723e-001,1.0027900e+002
1408,1.5788250e-001,1.0046100e+002
1409,2.6523191e-001,1.0030600e+002
1410,1.9597286e-001,1.0022300e+002
1411,2.0609157e-001,1.0007100e+002
1412,2.0204345e-001,1.0001500e+002
1413,1.5168616e-001,1.0019900e+002
1414,2.6599754e-001,1.0026800e+002
1415,1.6293687e-001,1.0044700e+002
1416,5.2986187e-001,9.9712800e+001
1417,3.8383632e-001,9.9222400e+001
1418,4.3760421e-001,9.8422800e+001
1419,3.2471045e-001,9.7992100e+001
1420,2.0864418e-001,9.7928800e+001
1421,1.8585332e-001,9.7969000e+001
1422,3.1614608e-001,9.7712900e+001
1423,1.6780160e-001,9.7999500e+001
1424,1.7811214e-001,9.8429200e+001
1425,3.2904029e-001,9.8753200e+001
1426,1.5183024e-001,9.9151200e+001
1427,1.4242743e-001,9.9550000e+001
1428,1.2530095e-001,9.9942300e+001
1429,1.5699481e-001,1.0033500e+002
1430,1.7440990e-001,1.0068600e+002
1431,1.8808533e-001,1.0095400e+002
1432,3.9755393e-001,1.0055200e+002
1433,4.0379109e-001,1.0004900e+002
1434,2.0376787e-001,1.0005900e+002
1435,2.2523257e-001,1.0006500e+002
1436,2.5650385e-001,1.0003300e+002
1437,1.7878862e-001,1.0004600e+002
1438,3.1647971e-001,9.9471000e+001
1439,3.2548789e-001,9.8930400e+001
1440,1.2787731e-001,9.9126300e+001
1441,3.5556695e-001,9.9107800e+001
1442,1.8629226e-001,9.9449700e+001
1443,1.1295707e-001,9.9799500e+001
1444,4.2007659e-001,9.9434100e+001
1445,1.8849812e-001,9.9519100e+001
1446,3.3511008e-001,9.9223900e+001
1447,1.7396172e-001,9.9381200e+001
1448,1.3553169e-001,9.9647600e+001
1449,4.1589013e-001,9.9311600e+001
1450,3.0756913e-001,9.9165700e+001
1451,1.3220019e-001,9.9403200e+001
1452,2.8436324e-001,9.9253000e+001
1453,4.6538986e-001,9.8738500e+001
1454,4.6165352e-001,9.8106600e+001
1455,4.2190393e-001,9.7350200e+001
1456,2.2275563e-001,9.7556000e+001
1457,2.1233309e-001,9.7854000e+001
1458,2.7494159e-001,9.7854700e+001
1459,1.7146555e-001,9.7996900e+001
1460,5.0150690e-001,9.7585600e+001
1461,1.6770569e-001,9.8023200e+001
1462,3.3723365e-001,9.8340600e+001
1463,5.4466126e-001,9.7981000e+001
1464,1.6719613e-001,9.8187400e+001
1465,3.0893000e-001,9.7993100e+001
1466,3.1481405e-001,9.7763700e+001
1467,4.6690794e-001,9.7444600e+001
1468,1.3901925e-001,9.7789900e+001
1469,3.6191336e-001,9.7636800e+001
1470,1.7598432e-001,9.7996800e+001
1471,2.4611767e-001,9.8439100e+001
1472,2.6175041e-001,9.8760800e+001
1473,1.5833986e-001,9.9020400e+001
1474,2.6214302e-001,9.9096200e+001
1475,2.1754391e-001,9.9301900e+001
1476,2.2902035e-001,9.9577900e+001
1477,2.2459116e-001,9.9904300e+001
1478,3.0364415e-001,9.9945500e+001
1479,3.3940846e-001,9.9791500e+001
1480,4.6395546e-001,9.9038700e+001
1481,3.5984678e-001,9.8574300e+001
1482,1.0305573e-001,9.8784000e+001
1483,4.0896452e-001,9.8227400e+001
1484,2.6445083e-001,9.8096400e+001
1485,2.3974606e-001,9.8112200e+001
1486,2.3203250e-001,9.8253300e+001
1487,3.1289281e-001,9.8331700e+001
1488,2.7428990e-001,9.8615800e+001
1489,3.0201463e-001,9.8884300e+001
1490,2.2850818e-001,9.9106200e+001
1491,2.5489812e-001,9.9172600e+001
1492,4.6771620e-001,9.8758800e+001
1493,3.5831083e-001,9.8422400e+001
1494,3.5662276e-001,9.8111400e+001
1495,1.9630969e-001,9.8303500e+001
1496,3.6185597e-001,9.8114300e+001
1497,1.4433202e-001,9.8369000e+001
1498,3.1540449e-001,9.8234000e+001
1499,2.8307871e-001,9.8256400e+001
1500,4.3931790e-001,9.8203200e+001
1501,2.0705370e-001,9.8530200e+001
1502,1.3419844e-001,9.8893400e+001
1503,1.6142190e-001,9.9232300e+001
1504,2.5503330e-001,9.9363700e+001
1505,3.3711537e-001,9.9234200e+001
1506,1.1060518e-001,9.9498300e+001
1507,3.5060083e-001,9.9274200e+001
1508,3.0176580e-001,9.9240700e+001
1509,1.3607726e-001,9.9546000e+001
1510,2.9777150e-001,9.9742400e+001
1511,3.2603687e-001,9.9606200e+001
1512,2.6086559e-001,9.9363400e+001
1513,5.9019067e-001,9.8122500e+001
1514,3.5737348e-001,9.7761100e+001
1515,2.8809330e-001,9.7793100e+001
1516,3.5957805e-001,9.7418200e+001
1517,1.1938149e-001,9.7668200e+001
1518,2.0815705e-001,9.7878100e+001
1519,2.5290547e-001,9.8020300e+001
1520,4.9614408e-001,9.7706100e+001
1521,2.3797600e-001,9.8197200e+001
1522,1.6535736e-001,9.8672100e+001
1523,1.8221988e-001,9.9062900e+001
1524,2.2472661e-001,9.9316100e+001
1525,3.9070175e-001,9.9141500e+001
1526,2.9200154e-001,9.8977200e+001
1527,1.7429600e-001,9.9058100e+001
1528,2.8736655e-001,9.9033100e+001
1529,3.8125844e-001,9.9104800e+001
1530,1.3191958e-001,9.9436900e+001
1531,2.5314432e-001,9.9455500e+001
1532,3.5902369e-001,9.8932800e+001
1533,2.3242847e-001,9.8987100e+001
1534,2.4363243e-001,9.9189400e+001
1535,2.1341024e-001,9.9411600e+001
1536,2.0541424e-001,9.9543200e+001
1537,4.4117599e-001,9.9029700e+001
1538,2.0676644e-001,9.9246100e+001
1539,2.6602379e-001,9.9246200e+001
1540,2.9913594e-001,9.9126800e+001
1541,1.6415308e-001,9.9386100e+001
1542,1.9272127e-001,9.9612500e+001
1543,4.7098186e-001,9.8904000e+001
1544,5.3945637e-001,9.7852700e+001
1545,2.6374819e-001,9.8038800e+001
1546,4.3337768e-001,9.7520000e+001
1547,2.5991493e-001,9.7525300e+001
1548,1.0439619e-001,9.7777300e+001
1549,1.9961486e-001,9.7834000e+001
1550,6.5613227e-001,9.6863300e+001
1551,4.3535114e-001,9.7002700e+001
1552,1.1949268e-001,9.7415700e+001
1553,1.2937629e-001,9.7790200e+001
1554,1.3376406e-001,9.8152400e+001
1555,4.3428577e-001,9.8048100e+001
1556,1.6525698e-001,9.8239100e+001
1557,2.7338134e-001,9.8044800e+001
1558,4.6781446e-001,9.7969500e+001
1559,2.0799051e-001,9.8531600e+001
1560,2.0396437e-001,9.9042700e+001
1561,2.2464832e-001,9.9364600e+001
1562,1.4562139e-001,9.9551400e+001
1563,4.9414060e-001,9.8582600e+001
1564,2.4683680e-001,9.8725200e+001
1565,3.1441973e-001,9.8586200e+001
1566,2.4726239e-001,9.8769100e+001
1567,2.8869167e-001,9.9004100e+001
1568,4.7831513e-001,9.8237300e+001
1569,2.6788553e-001,9.8029000e+001
1570,2.6416533e-001,9.8097700e+001
1571,2.2614479e-001,9.8449400e+001
1572,3.2476027e-001,9.8498100e+001
1573,2.7445101e-001,9.8537800e+001
1574,2.3952125e-001,9.8625700e+001
1575,1.2822403e-001,9.8890600e+001
1576,3.7432579e-001,9.8850300e+001
1577,1.4849854e-001,9.9246200e+001
1578,4.9194143e-001,9.8870600e+001
1579,2.8759358e-001,9.8760600e+001
1580,3.2373717e-001,9.8612100e+001
1581,3.0812937e-001,9.8561400e+001
1582,1.5117707e-001,9.8779100e+001
1583,3.8061226e-001,9.8314700e+001
1584,1.3454642e-001,9.8561500e+001
1585,3.0553986e-001,9.8531200e+001
1586,2.6993381e-001,9.8694900e+001
1587,1.6923589e-001,9.9091800e+001
1588,2.2684027e-001,9.9398400e+001
1589,3.4703380e-001,9.9353600e+001
1590,3.1209283e-001,9.9324100e+001
1591,3.1821591e-001,9.9158100e+001
1592,1.5326226e-001,9.9398900e+001
1593,3.4531182e-001,9.9207500e+001
1594,2.9379166e-001,9.9113900e+001
1595,4.5988763e-001,9.8344600e+001
1596,1.8244963e-001,9.8449400e+001
1597,1.3481365e-001,9.8720000e+001
1598,2.8722403e-001,9.8827700e+001
1599,2.2363991e-001,9.9032000e+001
1600,5.0597770e-001,9.8297200e+001
1601,1.7153202e-001,9.8492900e+001
1602,3.7945583e-001,9.8346400e+001
1603,1.9655843e-001,9.8654300e+001
1604,4.3561068e-001,9.8447800e+001
1605,2.8244144e-001,9.8204600e+001
1606,1.2981968e-001,9.8408300e+001
1607,2.5711095e-001,9.8441300e+001
1608,5.6608389e-001,9.7924700e+001
1609,3.2922305e-001,9.7811200e+001
1610,1.5416529e-001,9.8108000e+001
1611,3.7915814e-001,9.7916200e+001
1612,2.5935259e-001,9.8153900e+001
1613,1.0403371e-001,9.8503700e+001
1614,1.7799983e-001,9.8752100e+001
1615,1.3828612e-001,9.8947100e+001
1616,2.3883054e-001,9.8967700e+001
1617,1.0011305e-001,9.9278200e+001
1618,1.5008689e-001,9.9673800e+001
1619,5.1379634e-001,9.9644800e+001
1620,2.4109862e-001,9.9760400e+001
1621,2.9275578e-001,9.9735300e+001
1622,4.4550236e-001,9.9231800e+001
1623,2.1037621e-001,9.9112100e+001
1624,1.2300593e-001,9.9207700e+001
1625,3.7425247e-001,9.8507100e+001
1626,2.9814022e-001,9.8205300e+001
1627,1.8626546e-001,9.8536900e+001
1628,2.3509570e-001,9.8896800e+001
1629,1.9712665e-001,9.9162000e+001
1630,2.5387902e-001,9.9278000e+001
1631,1.7913879e-001,9.9573400e+001
1632,2.2832874e-001,9.9879700e+001
1633,3.0956171e-001,9.9850900e+001
1634,5.4563129e-001,9.8948700e+001
1635,2.8969822e-001,9.8906000e+001
1636,1.9000183e-001,9.8999600e+001
1637,2.4221568e-001,9.8943400e+001
1638,3.2609804e-001,9.8621400e+001
1639,1.8233571e-001,9.8696200e+001
1640,1.9795609e-001,9.8746700e+001
1641,4.8458872e-001,9.8158700e+001
1642,1.1780010e-001,9.8563300e+001
1643,2.2107874e-001,9.9040100e+001
1644,2.5676432e-001,9.9384100e+001
1645,1.5896377e-001,9.9655900e+001
1646,3.2461914e-001,9.9451200e+001
1647,1.8431157e-001,9.9596500e+001
1648,1.9999444e-001,9.9766000e+001
1649,1.5996097e-001,9.9950700e+001
1650,2.8350811e-001,9.9848800e+001
1651,3.2280695e-001,9.9903700e+001
1652,3.3639693e-001,9.9787900e+001
1653,3.3715755e-001,9.9435300e+001
1654,3.6508395e-001,9.9000400e+001
1655,1.9513523e-001,9.9124300e+001
1656,2.3372155e-001,9.9108700e+001
1657,5.9936276e-001,9.7591800e+001
1658,1.6549842e-001,9.7829100e+001
1659,1.7752588e-001,9.8120000e+001
1660,1.5424661e-001,9.8444400e+001
1661,1.6575684e-001,9.8765600e+001
1662,3.9006048e-001,9.8681300e+001
1663,1.3485156e-001,9.9011300e+001
1664,1.9990393e-001,9.9261000e+001
1665,3.0038672e-001,9.9152500e+001
1666,2.8921869e-001,9.9277800e+001
1667,2.2059300e-001,9.9725800e+001
1668,4.8492311e-001,9.9256600e+001
1669,2.2246189e-001,9.9094300e+001
1670,2.6065675e-001,9.8970600e+001
1671,1.6287057e-001,9.9212000e+001
1672,1.9791614e-001,9.9365800e+001
1673,2.6907474e-001,9.9237600e+001
1674,2.8683247e-001,9.9166500e+001
1675,4.0705166e-001,9.8781300e+001
1676,2.0746118e-001,9.8978000e+001
1677,4.8474202e-001,9.8732600e+001
1678,1.1224092e-001,9.9003100e+001
1679,4.0524393e-001,9.8469000e+001
1680,1.8544059e-001,9.8493000e+001
1681,4.3825399e-001,9.7882100e+001
1682,1.9423847e-001,9.8103900e+001
1683,4.8054493e-001,9.7728600e+001
1684,1.8986061e-001,9.7972100e+001
1685,4.3395989e-001,9.7845900e+001
1686,1.5342472e-001,9.8102500e+001
1687,2.2493594e-001,9.8328200e+001
1688,2.6719467e-001,9.8420100e+001
1689,1.1510385e-001,9.8728300e+001
1690,2.3755917e-001,9.9002100e+001
1691,2.1386876e-001,9.9242600e+001
1692,2.0105132e-001,9.9498300e+001
1693,2.8847805e-001,9.9728100e+001
1694,3.8589137e-001,9.9594300e+001
1695,4.5846571e-001,9.9145000e+001
1696,4.6433115e-001,9.8265900e+001
1697,4.1304043e-001,9.7445300e+001
1698,1.5146527e-001,9.7575900e+001
1699,4.4597558e-001,9.6844000e+001
1700,2.6753264e-001,9.6961100e+001
1701,4.0188141e-001,9.6989100e+001
1702,1.5891729e-001,9.7442600e+001
1703,1.5978091e-001,9.7919400e+001
1704,3.0651846e-001,9.8290300e+001
1705,1.6209070e-001,9.8725000e+001
1706,3.3143890e-001,9.8888300e+001
1707,3.0330141e-001,9.8888800e+001
1708,4.1167855e-001,9.8768600e+001
1709,4.0929446e-001,9.8556700e+001
1710,1.9559957e-001,9.8758800e+001
1711,2.9763901e-001,9.8528800e+001
1712,1.1917910e-001,9.8737400e+001
1713,2.7119757e-001,9.8679100e+001
1714,4.9183971e-001,9.7992300e+001
1715,2.2482728e-001,9.8189900e+001
1716,4.6157335e-001,9.8025000e+001
1717,2.7799826e-001,9.8245000e+001
1718,4.9684310e-001,9.7486500e+001
1719,2.0523118e-001,9.7493200e+001
1720,3.4116350e-001,9.7315000e+001
1721,2.8672929e-001,9.7607300e+001
1722,2.4991069e-001,9.7861000e+001
1723,1.7480221e-001,9.8172100e+001
1724,1.7026794e-001,9.8554400e+001
1725,3.5900123e-001,9.8650400e+001
1726,2.8022186e-001,9.8852300e+001
1727,2.7754231e-001,9.9153100e+001
1728,2.1576611e-001,9.9392800e+001
1729,1.1994800e-001,9.9677000e+001
1730,2.5696729e-001,9.9815100e+001
1731,3.5553395e-001,9.9647000e+001
1732,5.1302967e-001,9.8556400e+001
1733,2.5836744e-001,9.8541700e+001
1734,3.8887705e-001,9.8309300e+001
1735,3.6499711e-001,9.7978700e+001
1736,1.6011427e-001,9.8081600e+001
1737,1.2155364e-001,9.8245700e+001
1738,2.2449592e-001,9.8271400e+001
1739,4.0404722e-001,9.8097900e+001
1740,2.2357002e-001,9.8493100e+001
1741,3.4135948e-001,9.8717200e+001
1742,3.1011192e-001,9.8781700e+001
1743,2.1523025e-001,9.9067800e+001
1744,2.1898671e-001,9.9357700e+001
1745,1.8966571e-001,9.9577600e+001
1746,1.5951179e-001,9.9705500e+001
1747,3.7845578e-001,9.9187400e+001
1748,2.1906659e-001,9.9377700e+001
1749,1.4890607e-001,9.9682600e+001
1750,4.3931266e-001,9.9328600e+001
1751,1.7695547e-001,9.9575600e+001
1752,2.6960979e-001,9.9651500e+001
1753,1.8753163e-001,9.9777900e+001
1754,2.6739535e-001,9.9643000e+001
1755,1.7964210e-001,9.9683800e+001
1756,1.7367033e-001,9.9793700e+001
1757,1.3664445e-001,1.0003600e+002
1758,2.6323484e-001,1.0012500e+002
1759,5.3223955e-001,9.9261400e+001
1760,2.6352846e-001,9.9372200e+001
1761,2.7105962e-001,9.9329300e+001
1762,2.2101103e-001,9.9353100e+001
1763,2.2412414e-001,9.9367000e+001
1764,2.1368844e-001,9.9383100e+001
1765,1.9987102e-001,9.9354100e+001
1766,2.9830399e-001,9.9004700e+001
1767,2.4868937e-001,9.9079500e+001
1768,5.8164999e-001,9.8685900e+001
1769,2.6167513e-001,9.8730000e+001
1770,4.1183495e-001,9.8191100e+001
1771,4.6123037e-001,9.7244800e+001
1772,3.8448237e-001,9.6721300e+001
1773,2.4696276e-001,9.6791200e+001
1774,1.2587289e-001,9.7158300e+001
1775,1.9813272e-001,9.7631800e+001
1776,3.3230706e-001,9.8015900e+001
1777,1.6400571e-001,9.8374900e+001
1778,4.9163039e-001,9.8106600e+001
1779,4.0915682e-001,9.8170500e+001
1780,2.9781614e-001,9.8407000e+001
1781,4.6494682e-001,9.7774900e+001
1782,3.8073081e-001,9.7153500e+001
1783,4.4781784e-001,9.6532100e+001
1784,4.7921694e-001,9.6352600e+001
1785,1.2420477e-001,9.6793600e+001
1786,2.2898397e-001,9.7172200e+001
1787,1.7048468e-001,9.7518600e+001
1788,1.9883179e-001,9.7858500e+001
1789,2.0202998e-001,9.8263000e+001
1790,2.0309917e-001,9.8680000e+001
1791,2.7606387e-001,9.8979500e+001
1792,1.8730702e-001,9.9360000e+001
1793,1.0395567e-001,9.9746500e+001
1794,1.6089149e-001,1.0017000e+002
1795,1.2268618e-001,1.0057400e+002
1796,1.5128781e-001,1.0098600e+002
1797,2.9893710e-001,1.0116000e+002
1798,1.7759429e-001,1.0128600e+002
1799,1.6425801e-001,1.0137600e+002
1800,1.6642249e-001,1.0144100e+002
1801,2.9756998e-001,1.0116800e+002
1802,2.7780231e-001,1.0098100e+002
1803,2.2902415e-001,1.0097600e+002
1804,2.9233755e-001,1.0068900e+002
1805,2.4900978e-001,1.0036800e+002
1806,3.2561544e-001,9.9846400e+001
1807,3.4127830e-001,9.9462500e+001
1808,2.0792259e-001,9.9392000e+001
1809,1.6160938e-001,9.9462000e+001
1810,4.3112840e-001,9.8920400e+001
1811,1.5073342e-001,9.9134600e+001
1812,3.0428074e-001,9.9033200e+001
1813,5.0662306e-001,9.8250400e+001
1814,2.9414821e-001,9.8247700e+001
1815,1.5847016e-001,9.8550800e+001
1816,3.0367269e-001,9.8526800e+001
1817,1.5726608e-001,9.8675300e+001
1818,4.5565332e-001,9.8224200e+001
1819,4.2704750e-001,9.7709900e+001
1820,1.2184113e-001,9.8038000e+001
1821,2.9630461e-001,9.8358000e+001
1822,3.2361261e-001,9.8562000e+001
1823,1.2588138e-001,9.8846600e+001
1824,2.9426783e-001,9.8737700e+001
1825,1.8773587e-001,9.8866000e+001
1826,3.7589806e-001,9.8636200e+001
1827,1.6904303e-001,9.9008600e+001
1828,2.0605529e-001,9.9408100e+001
1829,1.3746271e-001,9.9789400e+001
1830,1.6696518e-001,1.0008800e+002
1831,2.5829704e-001,1.0012100e+002
1832,3.7889052e-001,9.9858300e+001
1833,3.2308997e-001,9.9612100e+001
1834,2.6063904e-001,9.9549900e+001
1835,1.6133292e-001,9.9740300e+001
1836,2.7157782e-001,9.9809700e+001
1837,4.3835867e-001,9.9081700e+001
1838,2.4380046e-001,9.8838900e+001
1839,1.8708202e-001,9.8877600e+001
1840,2.5417453e-001,9.8943600e+001
1841,1.9215781e-001,9.9227000e+001
1842,3.7781739e-001,9.9140200e+001
1843,1.8389383e-001,9.9319400e+001
1844,2.0341219e-001,9.9397400e+001
1845,3.1208310e-001,9.9245500e+001
1846,1.8094042e-001,9.9531800e+001
1847,1.8573087e-001,9.9869700e+001
1848,2.1103207e-001,1.0010100e+002
1849,1.4548986e-001,1.0030900e+002
1850,2.2517526e-001,1.0033000e+002
1851,1.0940916e-001,1.0053100e+002
1852,4.1483050e-001,1.0010200e+002
1853,4.0630810e-001,9.9700700e+001
1854,1.7801035e-001,9.9795600e+001
1855,3.2608189e-001,9.9603800e+001
1856,2.6141707e-001,9.9473000e+001
1857,1.9462674e-001,9.9467900e+001
1858,2.6863095e-001,9.9224500e+001
1859,4.7679342e-001,9.8219500e+001
1860,1.5084167e-001,9.8512400e+001
1861,2.0114943e-001,9.8867600e+001
1862,2.8331037e-001,9.9094400e+001
1863,1.7822079e-001,9.9328100e+001
1864,1.5277474e-001,9.9562100e+001
1865,4.3399385e-001,9.9136700e+001
1866,3.9928394e-001,9.8605700e+001
1867,2.9749963e-001,9.8666100e+001
1868,1.0863285e-001,9.9045200e+001
1869,3.8673066e-001,9.8868600e+001
1870,1.8545914e-001,9.8943000e+001
1871,1.1670733e-001,9.9164200e+001
1872,4.0133878e-001,9.8588400e+001
1873,4.2534415e-001,9.8209000e+001
1874,3.0836860e-001,9.8411200e+001
1875,3.0825162e-001,9.8526300e+001
1876,1.0600841e-001,9.8804200e+001
1877,4.0887912e-001,9.8412700e+001
1878,1.8853760e-001,9.8596400e+001
1879,1.4644190e-001,9.8768600e+001
1880,1.9214213e-001,9.8867000e+001
1881,4.0598585e-001,9.8740200e+001
1882,2.4797928e-001,9.9042200e+001
1883,2.6839061e-001,9.9258600e+001
1884,2.9233819e-001,9.9305000e+001
1885,2.5857634e-001,9.9299200e+001
1886,3.5140468e-001,9.9158300e+001
1887,1.0748696e-001,9.9420600e+001
1888,1.9541123e-001,9.9489200e+001
1889,1.6877412e-001,9.9557800e+001
1890,4.1139777e-001,9.9213200e+001
1891,2.7912796e-001,9.9275900e+001
1892,3.8563842e-001,9.8953000e+001
1893,5.1958379e-001,9.8140900e+001
1894,2.6474049e-001,9.8178700e+001
1895,3.2568028e-001,9.7787900e+001
1896,3.0044907e-001,9.7507200e+001
1897,3.2546508e-001,9.7533700e+001
1898,1.2014663e-001,9.7875900e+001
1899,1.9835398e-001,9.8162300e+001
1900,1.7319582e-001,9.8499800e+001
1901,2.3987411e-001,9.8848500e+001
1902,5.7673478e-001,9.8538500e+001
1903,1.8813997e-001,9.8772800e+001
1904,1.6021189e-001,9.9057300e+001
1905,2.4004595e-001,9.9237400e+001
1906,1.7619993e-001,9.9493600e+001
1907,1.4908915e-001,9.9769000e+001
1908,2.1761036e-001,9.9868600e+001
1909,2.4267246e-001,9.9740300e+001
1910,3.2198370e-001,9.9368800e+001
1911,2.5147862e-001,9.9498200e+001
1912,2.0925648e-001,9.9911200e+001
1913,3.0496356e-001,1.0015700e+002
1914,2.3108589e-001,1.0018000e+002
1915,3.5304167e-001,9.9706800e+001
1916,2.5521932e-001,9.9477500e+001
1917,2.4035700e-001,9.9357400e+001
1918,3.0867853e-001,9.9190200e+001
1919,2.8310059e-001,9.9191400e+001
1920,1.3798602e-001,9.9425100e+001
1921,2.4326176e-001,9.9452700e+001
1922,2.5267454e-001,9.9472600e+001
1923,2.9502168e-001,9.9414000e+001
1924,2.9930235e-001,9.9413700e+001
1925,2.5547233e-001,9.9498100e+001
1926,5.1333210e-001,9.8705200e+001
1927,1.8732613e-001,9.8890800e+001
1928,1.6442410e-001,9.9095200e+001
1929,2.6723797e-001,9.8976300e+001
1930,2.4276218e-001,9.8934900e+001
1931,5.2674031e-001,9.8090700e+001
1932,5.6247398e-001,9.7119400e+001
1933,2.4118677e-001,9.7455200e+001
1934,3.8103085e-001,9.7378200e+001
1935,3.1813834e-001,9.7014400e+001
1936,2.7355044e-001,9.6935300e+001
1937,1.7761384e-001,9.7221300e+001
1938,2.0724559e-001,9.7648100e+001
1939,3.6402127e-001,9.8029200e+001
1940,4.6691568e-001,9.8152300e+001
1941,1.7698108e-001,9.8458600e+001
1942,1.2205153e-001,9.8788700e+001
1943,1.6258506e-001,9.9120600e+001
1944,2.0690100e-001,9.9410900e+001
1945,3.4166796e-001,9.9360800e+001
1946,2.1531456e-001,9.9438000e+001
1947,2.5921189e-001,9.9335700e+001
1948,5.5214349e-001,9.8620800e+001
1949,3.5607293e-001,9.8685400e+001
1950,2.4670656e-001,9.8618700e+001
1951,1.2102331e-001,9.8729100e+001
1952,3.1444551e-001,9.8353300e+001
1953,3.1347828e-001,9.8240700e+001
1954,1.6903973e-001,9.8441400e+001
1955,1.5150972e-001,9.8660700e+001
1956,1.9207469e-001,9.8892100e+001
1957,3.6214103e-001,9.9104200e+001
1958,2.7109754e-001,9.9472000e+001
1959,2.4645920e-001,9.9718300e+001
1960,2.7118297e-001,9.9697100e+001
1961,1.6517062e-001,9.9823400e+001
1962,3.1166984e-001,9.9731900e+001
1963,2.9203962e-001,9.9667900e+001
1964,1.6194950e-001,9.9759500e+001
1965,3.9061355e-001,9.9168900e+001
1966,4.4263052e-001,9.8726800e+001
1967,2.9474827e-001,9.8631700e+001
1968,3.3228502e-001,9.8381600e+001
1969,1.7835541e-001,9.8494900e+001
1970,1.3572204e-001,9.8722300e+001
1971,2.5920121e-001,9.8800300e+001
1972,2.2837935e-001,9.8889900e+001
1973,3.2949098e-001,9.8748500e+001
1974,3.9575342e-001,9.8731700e+001
1975,2.3653493e-001,9.9049600e+001
1976,1.9306709e-001,9.9353600e+001
1977,4.3299864e-001,9.9020900e+001
1978,1.8862190e-001,9.9080900e+001
1979,1.7125476e-001,9.9143300e+001
1980,3.5669314e-001,9.8751100e+001
1981,4.5258482e-001,9.8254700e+001
1982,3.7952577e-001,9.8165300e+001
1983,2.8080094e-001,9.8114900e+001
1984,2.7765614e-001,9.8110400e+001
1985,2.5873914e-001,9.8311900e+001
1986,1.2689722e-001,9.8590700e+001
1987,2.7263062e-001,9.8501900e+001
1988,3.6409468e-001,9.8346300e+001
1989,2.9187964e-001,9.8599500e+001
1990,4.4513572e-001,9.8524400e+001
1991,1.6639480e-001,9.8825700e+001
1992,1.2523835e-001,9.9131100e+001
1993,3.3667628e-001,9.9022800e+001
1994,2.6600219e-001,9.8949300e+001
1995,2.3594548e-001,9.8892900e+001
1996,1.3383442e-001,9.9116200e+001
1997,1.1158863e-001,9.9404200e+001
1998,1.3752536e-001,9.9715100e+001
1999,1.3388188e-001,1.0003200e+002
2000,1.5159983e-001,1.0033500e+002
2001,6.8626942e-001,9.9339400e+001
2002,3.3019840e-001,9.8934100e+001
2003,2.4447620e-001,9.9003500e+001
2004,1.1147242e-001,9.9278900e+001
2005,3.1696027e-001,9.9104700e+001
2006,3.5121035e-001,9.8340200e+001
2007,5.9243555e-001,9.6741600e+001
2008,6.6427612e-001,9.6367400e+001
2009,2.8876220e-001,9.6340700e+001
2010,4.2634023e-001,9.5576500e+001
2011,3.0027000e-001,9.5618600e+001
2012,6.3794177e-001,9.5214100e+001
2013,4.8739325e-001,9.5549000e+001
2014,4.1827344e-001,9.5824100e+001
2015,3.2177280e-001,9.5933500e+001
2016,2.3552043e-001,9.6282000e+001
2017,1.9192289e-001,9.6630300e+001
2018,6.4809472e-001,9.6311900e+001
2019,1.2796055e-001,9.6859400e+001
2020,2.3296631e-001,9.7429700e+001
2021,4.6471326e-001,9.7496100e+001
2022,2.3578513e-001,9.7811600e+001
2023,4.4065032e-001,9.7405700e+001
2024,2.0993336e-001,9.7474100e+001
2025,3.5004523e-001,9.7647600e+001
2026,2.1015529e-001,9.8186300e+001
2027,4.7994099e-001,9.7689000e+001
2028,5.6815123e-001,9.7008900e+001
2029,5.1775589e-001,9.6428600e+001
2030,1.2321339e-001,9.6777000e+001
2031,2.4742212e-001,9.6914300e+001
2032,4.2360914e-001,9.6512200e+001
2033,5.9884439e-001,9.5895100e+001
2034,3.7769308e-001,9.6256200e+001
2035,4.8751585e-001,9.6401200e+001
2036,6.7885629e-001,9.4789400e+001
2037,5.3770721e-001,9.4500000e+001
2038,6.4510626e-001,9.4021000e+001
2039,3.0093665e-001,9.4325500e+001
2040,4.4228471e-001,9.4606800e+001
2041,6.7904315e-001,9.4546200e+001
2042,6.7824449e-001,9.4229400e+001
2043,4.5519631e-001,9.4424700e+001
2044,4.8444791e-001,9.4087300e+001
2045,1.1608247e-001,9.4595300e+001
2046,3.9810985e-001,9.5167400e+001
2047,4.3228116e-001,9.5737100e+001
2048,5.4943024e-001,9.6053500e+001
2049,2.7411985e-001,9.6521400e+001
2050,3.3234953e-001,9.6873300e+001
2051,3.9849856e-001,9.6839500e+001
2052,3.6532881e-001,9.6701300e+001
2053,2.8131473e-001,9.6986400e+001
2054,6.5673258e-001,9.6554800e+001
2055,1.0440239e-001,9.6991700e+001
2056,2.9094734e-001,9.7183300e+001
2057,5.5198965e-001,9.6532400e+001
2058,6.9001947e-001,9.5266300e+001
2059,3.5718191e-001,9.5385800e+001
2060,1.5644097e-001,9.6002600e+001
2061,1.0338674e-001,9.6548100e+001
2062,6.2087057e-001,9.5605700e+001
2063,3.7165372e-001,9.5857400e+001
2064,3.8411159e-001,9.6370900e+001
2065,3.6347397e-001,9.6970300e+001
2066,3.0700921e-001,9.7300400e+001
2067,5.0379675e-001,9.6367800e+001
2068,1.1194331e-001,9.6799700e+001
2069,4.3119461e-001,9.7130600e+001
2070,2.8779345e-001,9.7412400e+001
2071,3.4446180e-001,9.7526400e+001
2072,5.6950065e-001,9.6852600e+001
2073,3.9739535e-001,9.6785200e+001
2074,4.2366139e-001,9.6594800e+001
2075,2.7698181e-001,9.6739600e+001
2076,4.3321343e-001,9.6470100e+001
2077,6.1811890e-001,9.5781400e+001
2078,3.2441842e-001,9.6182200e+001
2079,3.0038623e-001,9.6498700e+001
2080,1.9131432e-001,9.6921700e+001
2081,6.1978299e-001,9.6114300e+001
2082,6.9279265e-001,9.5372100e+001
2083,1.6608939e-001,9.5968600e+001
2084,2.6443200e-001,9.6446600e+001
2085,1.0869566e-001,9.6836900e+001
2086,4.4799323e-001,9.6405100e+001
2087,6.2223311e-001,9.5813300e+001
2088,4.7188410e-001,9.6216700e+001
2089,1.5604108e-001,9.6853000e+001
2090,5.8240291e-001,9.6026600e+001
2091,6.4577184e-001,9.4750700e+001
2092,6.8731806e-001,9.4393600e+001
2093,5.5471082e-001,9.3696300e+001
2094,2.2479976e-001,9.4139600e+001
2095,6.0961524e-001,9.4188100e+001
2096,2.0331393e-001,9.4876400e+001
2097,6.9727487e-001,9.4977800e+001
2098,4.9870339e-001,9.5227100e+001
2099,3.0790525e-001,9.5496500e+001
2100,5.6349370e-001,9.5218200e+001
2101,2.3864065e-001,9.5605900e+001
2102,4.3341641e-001,9.5695600e+001
2103,4.2962387e-001,9.6184700e+001
2104,2.8842468e-001,9.6681800e+001
2105,1.5360466e-001,9.7159200e+001
2106,4.3343959e-001,9.7128100e+001
2107,2.1925027e-001,9.7608300e+001
2108,3.3936204e-001,9.7850500e+001
2109,6.5784375e-001,9.6975800e+001
2110,1.7987724e-001,9.7375200e+001
2111,3.9684415e-001,9.7245300e+001
2112,1.5970236e-001,9.7432200e+001
2113,3.1760845e-001,9.7466600e+001
2114,4.4516887e-001,9.7049000e+001
2115,5.5325304e-001,9.6671300e+001
2116,3.2389530e-001,9.7138700e+001
2117,5.0833379e-001,9.6604200e+001
2118,1.6595263e-001,9.6848900e+001
2119,3.6585083e-001,9.6588700e+001
2120,6.5493138e-001,9.5865800e+001
2121,4.3168052e-001,9.6029000e+001
2122,6.5443759e-001,9.5247500e+001
2123,5.3255786e-001,9.4384300e+001
2124,4.9989408e-001,9.4336700e+001
2125,5.1975457e-001,9.4477900e+001
2126,1.1502177e-001,9.4972900e+001
2127,5.7081307e-001,9.5136800e+001
2128,2.5525169e-001,9.5772700e+001
2129,6.1514722e-001,9.5656400e+001
2130,1.7938800e-001,9.6177000e+001
2131,5.7405677e-001,9.6086500e+001
2132,1.7212928e-001,9.6418600e+001
2133,3.7687572e-001,9.6510700e+001
2134,5.5022329e-001,9.6109900e+001
2135,4.0283837e-001,9.6364900e+001
2136,1.0444500e-001,9.6838000e+001
2137,4.0703665e-001,9.6826100e+001
2138,4.6499138e-001,9.6783800e+001
2139,1.1018435e-001,9.7099700e+001
2140,2.6830251e-001,9.7281600e+001
2141,3.6036247e-001,9.7519400e+001
2142,2.1205820e-001,9.8026600e+001
2143,6.6212035e-001,9.7108500e+001
2144,6.5665302e-001,9.6140900e+001
2145,5.6735642e-001,9.4881900e+001
2146,3.5937387e-001,9.4702000e+001
2147,3.9659330e-001,9.4585300e+001
2148,1.4359185e-001,9.5196100e+001
2149,1.4821655e-001,9.5854500e+001
2150,4.7559154e-001,9.6386900e+001
2151,6.6701512e-001,9.6307200e+001
2152,1.2305139e-001,9.6828500e+001
2153,5.2469556e-001,9.6644700e+001
2154,3.5833911e-001,9.6564400e+001
2155,4.0545851e-001,9.5902800e+001
2156,3.4118804e-001,9.6130500e+001
2157,1.4741840e-001,9.6697900e+001
2158,2.6098175e-001,9.7362400e+001
2159,3.2030989e-001,9.7734800e+001
2160,2.4834434e-001,9.7996700e+001
2161,3.2329518e-001,9.8301200e+001
2162,6.2214580e-001,9.7645800e+001
2163,2.0440230e-001,9.7959300e+001
2164,3.8938285e-001,9.7699600e+001
2165,1.5758580e-001,9.7854200e+001
2166,1.4451556e-001,9.8086800e+001
2167,6.7302054e-001,9.6677400e+001
2168,2.5627021e-001,9.6848900e+001
2169,3.3344539e-001,9.7276700e+001
2170,2.1665179e-001,9.7798300e+001
2171,4.6659682e-001,9.7458200e+001
2172,6.9276006e-001,9.5766400e+001
2173,2.1836407e-001,9.6339600e+001
2174,4.4494392e-001,9.6435100e+001
2175,3.7246397e-001,9.6212100e+001
2176,2.0197062e-001,9.6384500e+001
2177,3.2022971e-001,9.6547300e+001
2178,1.0081260e-001,9.7001500e+001
2179,5.5739315e-001,9.7273800e+001
2180,3.0673877e-001,9.7628300e+001
2181,1.5852793e-001,9.7966400e+001
2182,3.7887280e-001,9.8054700e+001
2183,5.1521853e-001,9.7515600e+001
2184,6.7776714e-001,9.5837500e+001
2185,2.3225370e-001,9.6267300e+001
2186,4.8798751e-001,9.5926600e+001
2187,2.0613093e-001,9.6020100e+001
2188,6.4255291e-001,9.5294100e+001
2189,5.8672036e-001,9.5303000e+001
2190,6.0901099e-001,9.4735300e+001
2191,2.4768883e-001,9.5121300e+001
2192,1.0616057e-001,9.5566000e+001
2193,4.4069583e-001,9.5436300e+001
2194,3.7485922e-001,9.5924700e+001
2195,2.5884498e-001,9.6552500e+001
2196,4.0753066e-001,9.7021300e+001
2197,3.6788479e-001,9.7509500e+001
2198,6.3963419e-001,9.6459500e+001
2199,1.3175004e-001,9.6777600e+001
2200,3.2286834e-001,9.6997100e+001
2201,6.4825468e-001,9.5887900e+001
2202,4.1642639e-001,9.5727400e+001
2203,4.7841496e-001,9.5636100e+001
2204,1.2024070e-001,9.6198700e+001
2205,6.8547265e-001,9.5207100e+001
2206,1.3888928e-001,9.5628700e+001
2207,3.1207383e-001,9.6195000e+001
2208,4.2493061e-001,9.6563500e+001
2209,6.0873265e-001,9.6097800e+001
2210,3.6963626e-001,9.5971900e+001
2211,6.7666887e-001,9.5442900e+001
2212,3.7370232e-001,9.5104500e+001
2213,6.1496467e-001,9.4590900e+001
2214,1.1113350e-001,9.5153300e+001
2215,6.2067045e-001,9.4892600e+001
2216,6.0825275e-001,9.4849300e+001
2217,1.0396637e-001,9.5388700e+001
2218,1.6280788e-001,9.5924800e+001
2219,3.1205479e-001,9.6295200e+001
2220,1.0487750e-001,9.6802400e+001
2221,4.7611676e-001,9.6933000e+001
2222,4.9446935e-001,9.6840800e+001
2223,5.4644397e-001,9.6995700e+001
2224,4.8374214e-001,9.6342900e+001
2225,2.5420713e-001,9.6263300e+001
2226,4.5918910e-001,9.5719000e+001
2227,3.9116589e-001,9.5904300e+001
2228,1.2517319e-001,9.6407500e+001
2229,1.8574119e-001,9.6963000e+001
2230,5.5215060e-001,9.7018300e+001
2231,3.9505217e-001,9.7199800e+001
2232,6.4182051e-001,9.6286600e+001
2233,2.7731443e-001,9.6574300e+001
2234,6.2367352e-001,9.5121700e+001
2235,6.8079768e-001,9.4337400e+001
2236,1.6659981e-001,9.4791400e+001
2237,4.4304057e-001,9.5179700e+001
2238,1.8288400e-001,9.5800200e+001
2239,5.3133636e-001,9.5553800e+001
2240,3.7023651e-001,9.6028100e+001
2241,5.6508738e-001,9.6315700e+001
2242,6.2352228e-001,9.5464000e+001
2243,5.3894947e-001,9.4679100e+001
2244,5.2376667e-001,9.4453900e+001
2245,3.4649807e-001,9.4676400e+001
2246,5.9303790e-001,9.4659800e+001
2247,5.8796964e-001,9.4699100e+001
2248,6.0570088e-001,9.4493900e+001
2249,4.1463323e-001,9.4633200e+001
2250,3.4077779e-001,9.4826200e+001
2251,4.5226186e-001,9.5140400e+001
2252,3.6502301e-001,9.5642500e+001
2253,5.4177091e-001,9.5840500e+001
2254,5.4371767e-001,9.5805000e+001
2255,2.6285926e-001,9.6097900e+001
2256,6.7564377e-001,9.5197000e+001
2257,5.4480347e-001,9.4703100e+001
2258,5.1198639e-001,9.4731500e+001
2259,3.5530125e-001,9.5135200e+001
2260,3.4810536e-001,9.5224000e+001
2261,6.0671874e-001,9.5197700e+001
2262,1.2181639e-001,9.5782900e+001
2263,1.6807486e-001,9.6416600e+001
2264,6.3412333e-001,9.6280300e+001
2265,5.1073643e-001,9.5978400e+001
2266,3.4722869e-001,9.5996400e+001
2267,2.7260188e-001,9.6441600e+001
2268,6.1972092e-001,9.5596600e+001
2269,2.4949850e-001,9.5827000e+001
2270,5.2124097e-001,9.6035900e+001
2271,4.9695680e-001,9.6019500e+001
2272,3.5285961e-001,9.5978300e+001
2273,1.1141000e-001,9.6328400e+001
2274,4.6789964e-001,9.6449300e+001
2275,3.8931963e-001,9.6594500e+001
2276,2.9495895e-001,9.6825100e+001
2277,1.7502286e-001,9.7325100e+001
2278,4.0927845e-001,9.7614900e+001
2279,3.4287828e-001,9.7844600e+001
2280,3.5523230e-001,9.7687300e+001
2281,3.8933625e-001,9.7622500e+001
2282,5.7442138e-001,9.7025000e+001
2283,3.0005432e-001,9.6882900e+001
2284,6.1300232e-001,9.5929900e+001
2285,1.3005897e-001,9.6298500e+001
2286,1.0119237e-001,9.6682600e+001
2287,3.4016982e-001,9.6797400e+001
2288,4.3416824e-001,9.6739500e+001
2289,4.6559131e-001,9.6889600e+001
2290,5.9320266e-001,9.6394900e+001
2291,3.5704865e-001,9.6660800e+001
2292,3.1667496e-001,9.6328400e+001
2293,3.5610035e-001,9.6209800e+001
2294,5.7855415e-001,9.5786300e+001
2295,1.5959961e-001,9.6277000e+001
2296,3.9057450e-001,9.6700000e+001
2297,3.8561222e-001,9.7007400e+001
2298,3.8465172e-001,9.6945600e+001
2299,4.4139394e-001,9.6648700e+001
2300,1.0792818e-001,9.7064700e+001
2301,1.4884847e-001,9.7567800e+001
2302,2.9625324e-001,9.8038900e+001
2303,3.2827065e-001,9.8084400e+001
2304,2.4481952e-001,9.8292100e+001
2305,4.8166038e-001,9.8053400e+001
2306,6.6602108e-001,9.7186400e+001
2307,2.1625276e-001,9.7297900e+001
2308,3.6017944e-001,9.6781600e+001
2309,1.3579263e-001,9.7059800e+001
2310,4.6665408e-001,9.6560800e+001
2311,4.5516869e-001,9.6331900e+001
2312,6.2017204e-001,9.6274500e+001
2313,6.3141424e-001,9.5297000e+001
2314,5.7918660e-001,9.4178900e+001
2315,5.8915520e-001,9.3708100e+001
2316,1.3137248e-001,9.4283100e+001
2317,5.7726850e-001,9.4521900e+001
2318,1.5162645e-001,9.5166400e+001
2319,1.8576450e-001,9.5866000e+001
2320,3.4394177e-001,9.6490000e+001
2321,2.2934173e-001,9.7097900e+001
2322,1.4649172e-001,9.7669700e+001
2323,2.8637857e-001,9.8256100e+001
2324,5.6468527e-001,9.7966000e+001
2325,4.6524894e-001,9.7880000e+001
2326,2.3890536e-001,9.7939500e+001
2327,6.8231289e-001,9.6241300e+001
2328,4.3267874e-001,9.5376800e+001
2329,6.3158432e-001,9.4902100e+001
2330,4.3763649e-001,9.4928700e+001
2331,5.5643965e-001,9.4465900e+001
2332,4.8113480e-001,9.4782400e+001
2333,2.3263132e-001,9.5263300e+001
2334,2.3460166e-001,9.5829500e+001
2335,3.5005650e-001,9.6403200e+001
2336,3.9966456e-001,9.6719100e+001
2337,1.6225064e-001,9.7203300e+001
2338,5.4654393e-001,9.7262300e+001
2339,3.6378031e-001,9.7533000e+001
2340,6.5565353e-001,9.6167000e+001
2341,5.6895171e-001,9.5333900e+001
2342,1.7135508e-001,9.5614800e+001
2343,5.6487158e-001,9.5125200e+001
2344,5.9672328e-001,9.4604100e+001
2345,1.2823674e-001,9.5186400e+001
2346,6.7486105e-001,9.5206200e+001
2347,5.8962374e-001,9.4522200e+001
2348,2.0619010e-001,9.5027500e+001
2349,4.3693538e-001,9.5419400e+001
2350,1.7300800e-001,9.6034600e+001
2351,1.4546461e-001,9.6580200e+001
2352,4.2366042e-001,9.6571900e+001
2353,2.6061687e-001,9.7159200e+001
2354,1.8769842e-001,9.7794800e+001
2355,4.4739019e-001,9.8197300e+001
2356,6.8699257e-001,9.7134400e+001
2357,4.8409280e-001,9.6143000e+001
2358,1.4765571e-001,9.6463300e+001
2359,6.4949049e-001,9.5121600e+001
2360,1.8666968e-001,9.5399700e+001
2361,5.5730479e-001,9.5359000e+001
2362,6.2158659e-001,9.5359300e+001
2363,4.0585163e-001,9.5228900e+001
2364,3.4835924e-001,9.5501600e+001
2365,6.7369439e-001,9.4714100e+001
2366,1.8160099e-001,9.5239500e+001
2367,5.6776220e-001,9.5401500e+001
2368,5.7929865e-001,9.5179100e+001
2369,6.7240973e-001,9.4307400e+001
2370,1.9041070e-001,9.4973900e+001
2371,4.3258509e-001,9.5064700e+001
2372,2.5768111e-001,9.5445600e+001
2373,6.4644265e-001,9.5294400e+001
2374,5.6157239e-001,9.5435100e+001
2375,3.4711465e-001,9.5909300e+001
2376,1.5599292e-001,9.6262000e+001
2377,3.7293719e-001,9.6282000e+001
2378,3.5541977e-001,9.6247400e+001
2379,5.4005408e-001,9.6304400e+001
2380,4.8886624e-001,9.6539800e+001
2381,5.7496870e-001,9.5895300e+001
2382,4.9889170e-001,9.5141100e+001
2383,4.7274810e-001,9.4866100e+001
2384,2.7733861e-001,9.5351700e+001
2385,4.3004052e-001,9.5605100e+001
2386,6.9106388e-001,9.5194200e+001
2387,5.1062308e-001,9.5175000e+001
2388,2.4211041e-001,9.5650700e+001
2389,5.4959870e-001,9.5176300e+001
2390,1.0537624e-001,9.5568400e+001
2391,4.5843530e-001,9.5671700e+001
2392,3.2200839e-001,9.6293900e+001
2393,5.9494325e-001,9.6357500e+001
2394,2.1124683e-001,9.6732900e+001
2395,2.2543576e-001,9.7019500e+001
2396,4.9890168e-001,9.6902700e+001
2397,6.4051102e-001,9.5890200e+001
2398,4.6875013e-001,9.5677000e+001
2399,2.8348497e-001,9.6185100e+001
2400,5.3183174e-001,9.5365500e+001
2401,2.9601735e-001,9.5580000e+001
2402,5.6364486e-001,9.5629600e+001
2403,3.7917403e-001,9.6088700e+001
2404,1.7790114e-001,9.6614700e+001
2405,1.8447225e-001,9.7078900e+001
2406,2.2504862e-001,9.7392600e+001
2407,5.9207549e-001,9.7026400e+001
2408,6.1283193e-001,9.6386500e+001
2409,2.6620889e-001,9.6841500e+001
2410,5.7283410e-001,9.5965200e+001
2411,6.2273518e-001,9.4488100e+001
2412,5.1021439e-001,9.4632600e+001
2413,5.7322229e-001,9.4517300e+001
2414,5.4707209e-001,9.4141000e+001
2415,2.4054067e-001,9.4754600e+001
2416,5.6711141e-001,9.4974600e+001
2417,4.4152812e-001,9.5204600e+001
2418,5.6305422e-001,9.5216300e+001
2419,6.5219787e-001,9.4807100e+001
2420,6.8957500e-001,9.3819800e+001
2421,6.8707368e-001,9.3065600e+001
2422,6.4733675e-001,9.2815400e+001
2423,5.8882121e-001,9.2997400e+001
2424,5.1814235e-001,9.3440100e+001
2425,6.1854890e-001,9.3671200e+001
2426,3.5132066e-001,9.4321600e+001
2427,6.4641634e-001,9.4361300e+001
2428,1.1937157e-001,9.4947200e+001
2429,4.7793166e-001,9.5277300e+001
2430,3.9744145e-001,9.5652800e+001
2431,5.9837333e-001,9.5535100e+001
2432,2.6063185e-001,9.5881300e+001
2433,4.3948368e-001,9.6257400e+001
2434,4.0218766e-001,9.6140200e+001
2435,5.6805503e-001,9.5694500e+001
2436,1.0094696e-001,9.6129900e+001
2437,4.1555739e-001,9.6489400e+001
2438,2.7305753e-001,9.6936300e+001
2439,4.7783576e-001,9.6638100e+001
2440,5.8565705e-001,9.6114000e+001
2441,1.3797732e-001,9.6602900e+001
2442,5.8488410e-001,9.6206600e+001
2443,3.4709499e-001,9.6151500e+001
2444,4.2556674e-001,9.5895800e+001
2445,5.0013690e-001,9.5852600e+001
2446,4.0095882e-001,9.6128100e+001
2447,3.1494432e-001,9.6225600e+001
2448,6.6920960e-001,9.5651800e+001
2449,4.0570560e-001,9.5576600e+001
2450,2.9401297e-001,9.5933700e+001
2451,4.7594781e-001,9.5962400e+001
2452,6.5480275e-001,9.4990600e+001
2453,6.6985106e-001,9.4729500e+001
2454,3.8675309e-001,9.4763300e+001
2455,3.5916092e-001,9.4727900e+001
2456,4.1758368e-001,9.4901200e+001
2457,1.2892108e-001,9.5491400e+001
2458,1.7652931e-001,9.6172600e+001
2459,5.2815276e-001,9.6604300e+001
2460,2.6347240e-001,9.7250800e+001
2461,1.8060069e-001,9.7836500e+001
2462,5.5583822e-001,9.7517000e+001
2463,5.7290463e-001,9.6816100e+001
2464,6.0805446e-001,9.5477300e+001
2465,3.7130425e-001,9.5550700e+001
2466,5.1047937e-001,9.4740100e+001
2467,2.2685216e-001,9.5256600e+001
2468,3.0418122e-001,9.5817800e+001
2469,3.7379918e-001,9.6300400e+001
2470,4.4274303e-001,9.6688800e+001
2471,5.8215336e-001,9.6380300e+001
2472,6.5145464e-001,9.5557700e+001
2473,1.9805103e-001,9.5726800e+001
2474,4.4371367e-001,9.5407000e+001
2475,6.9571919e-001,9.4529600e+001
2476,1.5242062e-001,9.5108800e+001
2477,3.3342596e-001,9.5716400e+001
2478,4.9009966e-001,9.6102900e+001
2479,3.0500166e-001,9.6279500e+001
2480,3.6293360e-001,9.6353700e+001
2481,2.2506962e-001,9.6892600e+001
2482,3.4506979e-001,9.7506400e+001
2483,5.8799811e-001,9.6823500e+001
2484,4.8417692e-001,9.6580400e+001
2485,3.6146427e-001,9.6604400e+001
2486,1.2999763e-001,9.6961200e+001
2487,2.7018718e-001,9.7150800e+001
2488,2.3595634e-001,9.7275000e+001
2489,3.1816994e-001,9.7316700e+001
2490,2.8219240e-001,9.7709200e+001
2491,4.0773561e-001,9.8063800e+001
2492,2.1242956e-001,9.8541100e+001
2493,3.0356687e-001,9.8860200e+001
2494,2.4839664e-001,9.9026600e+001
2495,6.0239055e-001,9.7684400e+001
2496,5.7789142e-001,9.6575100e+001
2497,4.2109679e-001,9.6315600e+001
2498,3.7372113e-001,9.5994000e+001
2499,3.3097467e-001,9.5814500e+001
2500,6.9132803e-001,9.5133100e+001
2501,1.5012791e-001,9.5722700e+001
2502,1.9981950e-001,9.6368900e+001
2503,1.6637171e-001,9.6964800e+001
2504,2.0924976e-001,9.7501600e+001
2505,2.6075045e-001,9.7890400e+001
2506,6.3286932e-001,9.7103700e+001
2507,4.3467307e-001,9.7236300e+001
2508,5.5034450e-001,9.6917900e+001
2509,6.3992802e-001,9.4751800e+001
2510,2.7024695e-001,9.4848000e+001
2511,6.4056631e-001,9.4684200e+001
2512,1.9803913e-001,9.5169700e+001
2513,2.4368107e-001,9.5684300e+001
2514,5.4769960e-001,9.5790800e+001
2515,5.8711171e-001,9.5760500e+001
2516,5.8643415e-001,9.5331300e+001
2517,5.9883209e-001,9.4456100e+001
2518,1.7095014e-001,9.4747000e+001
2519,3.5899670e-001,9.5102200e+001
2520,6.5754412e-001,9.4919200e+001
2521,5.4409230e-001,9.5013900e+001
2522,5.5920933e-001,9.5105800e+001
2523,2.3127877e-001,9.5436800e+001
2524,3.0229386e-001,9.5456500e+001
2525,4.5290941e-001,9.5598100e+001
2526,4.4852863e-001,9.6015300e+001
2527,6.2071856e-001,9.5873700e+001
2528,2.1686853e-001,9.6418300e+001
2529,5.0931465e-001,9.5932000e+001
2530,4.5133388e-001,9.5626000e+001
2531,3.6849504e-001,9.5813700e+001
2532,6.9618658e-001,9.5361200e+001
2533,2.0787267e-001,9.5848800e+001
2534,5.1598987e-001,9.5494300e+001
2535,4.4167197e-001,9.5569300e+001
2536,5.8081534e-001,9.5044000e+001
2537,3.6340000e-001,9.5525000e+001
2538,2.6373410e-001,9.6165400e+001
2539,3.7907813e-001,9.6193800e+001
2540,3.6615431e-001,9.6439800e+001
2541,3.5545762e-001,9.6713200e+001
2542,5.7620641e-001,9.6625300e+001
2543,3.0120744e-001,9.6951500e+001
2544,1.9349374e-001,9.7281000e+001
2545,6.4929486e-001,9.6215900e+001
2546,4.9866012e-001,9.5726700e+001
2547,1.8067275e-001,9.6103200e+001
2548,5.6698921e-001,9.6030900e+001
2549,1.8761803e-001,9.6415000e+001
2550,2.9623798e-001,9.6407900e+001
2551,6.7170974e-001,9.5981200e+001
2552,4.2566373e-001,9.6180300e+001
2553,3.3023031e-001,9.6186900e+001
2554,1.8085642e-001,9.6628800e+001
2555,6.5378281e-001,9.5698800e+001
2556,3.2771690e-001,9.5812500e+001
2557,5.3800173e-001,9.6042200e+001
2558,1.9505159e-001,9.6540700e+001
2559,4.3211112e-001,9.6454500e+001
2560,6.9153446e-001,9.5380500e+001
2561,6.1971080e-001,9.4841400e+001
2562,6.7944402e-001,9.3823600e+001
2563,2.1556508e-001,9.4104400e+001
2564,2.0227401e-001,9.4591900e+001
2565,6.1933312e-001,9.4743900e+001
2566,3.3176862e-001,9.5370300e+001
2567,2.3511543e-001,9.6048300e+001
2568,5.8508067e-001,9.6344700e+001
2569,6.5084495e-001,9.5250100e+001
2570,1.5099828e-001,9.5650100e+001
2571,4.2815829e-001,9.6017400e+001
2572,2.5633775e-001,9.6367900e+001
2573,2.6853346e-001,9.6477200e+001
2574,6.4190979e-001,9.6014700e+001
2575,5.7777499e-001,9.6100800e+001
2576,2.6426342e-001,9.6305200e+001
2577,2.7532146e-001,9.6499000e+001
2578,1.2778199e-001,9.6888900e+001
2579,2.3192310e-001,9.7093600e+001
2580,3.3154396e-001,9.7042000e+001
2581,6.5929454e-001,9.6831000e+001
2582,5.6334390e-001,9.6756200e+001
2583,1.2099940e-001,9.7117300e+001
2584,2.3696200e-001,9.7271100e+001
2585,4.2034292e-001,9.6508200e+001
2586,3.0343662e-001,9.6402400e+001
2587,4.5930325e-001,9.6503200e+001
2588,5.0966727e-001,9.6787500e+001
2589,3.7779409e-001,9.7002500e+001
2590,3.8518682e-001,9.6572600e+001
2591,4.3493939e-001,9.6341100e+001
2592,2.2626073e-001,9.6596500e+001
2593,5.6404267e-001,9.6252800e+001
2594,4.6522094e-001,9.6286300e+001
2595,3.6831360e-001,9.6364900e+001
2596,6.4664963e-001,9.5553900e+001
2597,4.4026047e-001,9.5166900e+001
2598,2.5780189e-001,9.5594900e+001
2599,2.7641813e-001,9.6129600e+001
2600,5.5952492e-001,9.5895300e+001
2601,1.3540644e-001,9.6314200e+001
2602,5.7607075e-001,9.6339200e+001
2603,4.2101511e-001,9.6602600e+001
2604,2.0091648e-001,9.6990500e+001
2605,6.0324717e-001,9.5979500e+001
2606,5.7521457e-001,9.5499500e+001
2607,4.3124754e-001,9.5423700e+001
2608,5.7734640e-001,9.5091100e+001
2609,2.6099994e-001,9.5178500e+001
2610,6.2602666e-001,9.4934600e+001
2611,6.3003990e-001,9.4708100e+001
2612,2.8063289e-001,9.5081100e+001
2613,5.9705904e-001,9.4951800e+001
2614,3.7133698e-001,9.4919800e+001
2615,4.6070287e-001,9.5202200e+001
2616,6.3320222e-001,9.5205700e+001
2617,6.2963176e-001,9.4495300e+001
2618,6.2094390e-001,9.4039300e+001
2619,4.0404861e-001,9.4071000e+001
2620,6.4499713e-001,9.3873800e+001
2621,2.6674406e-001,9.4539000e+001
2622,5.6733280e-001,9.4810400e+001
2623,5.6237033e-001,9.4932800e+001
2624,5.5813683e-001,9.4675400e+001
2625,2.0577606e-001,9.5318400e+001
2626,6.7816455e-001,9.4658300e+001
2627,3.1159968e-001,9.5094900e+001
2628,2.5574576e-001,9.5693100e+001
2629,5.1903145e-001,9.5891600e+001
2630,5.6152181e-001,9.5641500e+001
2631,6.9713808e-001,9.5038400e+001
2632,5.9974186e-001,9.4072100e+001
2633,4.6140446e-001,9.3924900e+001
2634,4.2476233e-001,9.4227300e+001
2635,1.8044872e-001,9.4856200e+001
2636,4.0160243e-001,9.5481400e+001
2637,3.3206042e-001,9.6169800e+001
2638,3.3940799e-001,9.6777400e+001
2639,2.3002934e-001,9.7377200e+001
2640,3.0312927e-001,9.7837700e+001
2641,6.9371640e-001,9.6965400e+001
2642,6.9150854e-001,9.5522000e+001
2643,1.8398082e-001,9.5819900e+001
2644,3.6570426e-001,9.5718600e+001
2645,5.9149400e-001,9.4633200e+001
2646,4.3963923e-001,9.5046600e+001
2647,6.1649709e-001,9.5291400e+001
2648,6.6665347e-001,9.4227000e+001
2649,6.4492554e-001,9.3721800e+001
2650,2.6351491e-001,9.4207200e+001
2651,2.9516855e-001,9.4660300e+001
2652,6.9789394e-001,9.4483600e+001
2653,1.0339487e-001,9.5070600e+001
2654,1.5758941e-001,9.5774600e+001
2655,2.0527480e-001,9.6499400e+001
2656,6.5348501e-001,9.6593300e+001
2657,1.2262854e-001,9.7026400e+001
2658,6.1787956e-001,9.6187800e+001
2659,5.0182271e-001,9.6407600e+001
2660,5.3434396e-001,9.5068000e+001
2661,5.1893358e-001,9.5027500e+001
2662,1.1670701e-001,9.5506000e+001
2663,6.9466099e-001,9.4865100e+001
2664,3.6729232e-001,9.5230500e+001
2665,2.8199901e-001,9.5728200e+001
2666,1.5729263e-001,9.6292100e+001
2667,6.1718061e-001,9.6168100e+001
2668,1.5451602e-001,9.6599500e+001
2669,1.5079628e-001,9.6952500e+001
2670,6.3300887e-001,9.6818000e+001
2671,3.8000115e-001,9.6951000e+001
2672,2.7931736e-001,9.7002300e+001
2673,6.8683021e-001,9.6008400e+001
2674,1.5528045e-001,9.6430700e+001
2675,3.9860162e-001,9.5992600e+001
2676,2.9740607e-001,9.6437200e+001
2677,5.0382206e-001,9.6453300e+001
2678,5.3740353e-001,9.5906200e+001
2679,3.4104876e-001,9.6435800e+001
2680,2.0656074e-001,9.6932100e+001
2681,6.6639348e-001,9.5793000e+001
2682,4.7516774e-001,9.5494900e+001
2683,1.4426619e-001,9.6012400e+001
2684,6.8190589e-001,9.5608400e+001
2685,1.9226609e-001,9.5926700e+001
2686,4.1614608e-001,9.5689900e+001
2687,5.6720520e-001,9.5797800e+001
2688,2.1775575e-001,9.6315600e+001
2689,4.2097113e-001,9.6178400e+001
2690,6.6184582e-001,9.5801300e+001
2691,2.4268433e-001,9.5954600e+001
2692,5.9558160e-001,9.5552300e+001
2693,1.3987956e-001,9.6095000e+001
2694,1.5570896e-001,9.6589900e+001
2695,4.0057375e-001,9.6457000e+001
2696,4.4296583e-001,9.6570800e+001
2697,1.2668599e-001,9.7137000e+001
2698,4.1142196e-001,9.7492800e+001
2699,3.6893950e-001,9.7598300e+001
2700,3.6625255e-001,9.7836900e+001
2701,2.0667283e-001,9.7936600e+001
2702,1.5028665e-001,9.8133900e+001
2703,4.6768947e-001,9.7883500e+001
2704,4.5697708e-001,9.7530400e+001
2705,4.1381131e-001,9.7298200e+001
2706,3.2675081e-001,9.7409900e+001
2707,5.0084630e-001,9.6848000e+001
2708,3.2381880e-001,9.6516600e+001
2709,4.2261784e-001,9.6461800e+001
2710,1.3811647e-001,9.6929500e+001
2711,5.2352063e-001,9.6798600e+001
2712,4.1125899e-001,9.6679700e+001
2713,6.2991845e-001,9.6062500e+001
2714,6.3930761e-001,9.5079100e+001
2715,6.4300614e-001,9.3933600e+001
2716,4.0420695e-001,9.4016900e+001
2717,3.0620373e-001,9.4474900e+001
2718,1.6607661e-001,9.5128400e+001
2719,6.4952303e-001,9.5243500e+001
2720,1.3364837e-001,9.5854300e+001
2721,4.2808788e-001,9.6438000e+001
2722,2.7307055e-001,9.7056000e+001
2723,6.9665166e-001,9.6157500e+001
2724,2.2436818e-001,9.6207700e+001
2725,5.5605951e-001,9.6081900e+001
2726,6.9219252e-001,9.4775800e+001
2727,2.7973235e-001,9.4871500e+001
2728,4.6166545e-001,9.5223800e+001
2729,6.1115272e-001,9.4647300e+001
2730,2.4380480e-001,9.5156400e+001
2731,2.2729583e-001,9.5805000e+001
2732,5.6094863e-001,9.6132800e+001
2733,6.6358972e-001,9.5219200e+001
2734,1.5247634e-001,9.5728500e+001
2735,6.6986669e-001,9.5440200e+001
2736,6.4952657e-001,9.4070300e+001
2737,1.9301294e-001,9.4644600e+001
2738,3.6851851e-001,9.5248100e+001
2739,4.9056046e-001,9.5373900e+001
2740,2.4963232e-001,9.5702800e+001
2741,3.7041740e-001,9.6253800e+001
2742,6.0527965e-001,9.6424600e+001
2743,5.3501543e-001,9.5803500e+001
2744,4.0438274e-001,9.5781800e+001
2745,2.6076300e-001,9.6154000e+001
2746,2.4370701e-001,9.6362600e+001
2747,3.8376298e-001,9.6328200e+001
2748,5.0436124e-001,9.6457900e+001
2749,5.9929196e-001,9.6327100e+001
2750,6.9996250e-001,9.5044100e+001
2751,6.6967048e-001,9.3510900e+001
2752,3.5177318e-001,9.3791900e+001
2753,4.5183467e-001,9.4109200e+001
2754,3.8529499e-001,9.4658900e+001
2755,4.5291261e-001,9.5238700e+001
2756,5.0230048e-001,9.5698300e+001
2757,1.6424578e-001,9.6340800e+001
2758,4.7879520e-001,9.6377200e+001
2759,5.1091104e-001,9.6115100e+001
2760,2.8191524e-001,9.6376400e+001
2761,5.4948063e-001,9.6112700e+001
2762,5.2092674e-001,9.5791100e+001
2763,6.1579639e-001,9.4999300e+001
2764,2.8987581e-001,9.5425200e+001
2765,5.4268282e-001,9.4973300e+001
2766,2.7018894e-001,9.5422300e+001
2767,2.6552593e-001,9.5975600e+001
2768,4.9424110e-001,9.6153000e+001
2769,3.1022072e-001,9.6695900e+001
2770,4.7966405e-001,9.6698800e+001
2771,1.1360595e-001,9.7100400e+001
2772,1.7516466e-001,9.7586400e+001
2773,3.9236563e-001,9.7786200e+001
2774,4.8906382e-001,9.7190100e+001
2775,2.9557195e-001,9.7442500e+001
2776,2.7779623e-001,9.7744700e+001
2777,3.2127030e-001,9.7901700e+001
2778,1.8991162e-001,9.8297700e+001
2779,4.4459871e-001,9.7731100e+001
2780,5.7047591e-001,9.7022300e+001
2781,5.8856903e-001,9.6372000e+001
2782,4.7964216e-001,9.5663200e+001
2783,3.4585268e-001,9.5373400e+001
2784,5.4603760e-001,9.4930500e+001
2785,2.5388100e-001,9.5475800e+001
2786,3.7801487e-001,9.5969100e+001
2787,4.9585319e-001,9.6199400e+001
2788,4.0458986e-001,9.6381800e+001
2789,1.4179900e-001,9.6803500e+001
2790,6.1573069e-001,9.6423500e+001
2791,3.8578485e-001,9.6342000e+001
2792,2.8598854e-001,9.6490400e+001
2793,6.0944986e-001,9.6059000e+001
2794,4.2373506e-001,9.5867900e+001
2795,3.1520421e-001,9.5952600e+001
2796,2.3713602e-001,9.6512500e+001
2797,3.4511190e-001,9.6897300e+001
2798,6.9563024e-001,9.5842600e+001
2799,4.5744479e-001,9.6044700e+001
2800,4.7451799e-001,9.5890600e+001
2801,6.2378567e-001,9.4533800e+001
2802,1.6583193e-001,9.4913600e+001
2803,1.3733105e-001,9.5460500e+001
2804,5.2300744e-001,9.5878900e+001
2805,1.8597866e-001,9.6457200e+001
2806,3.4328430e-001,9.6832000e+001
2807,5.7918610e-001,9.6652400e+001
2808,5.8080602e-001,9.6377500e+001
2809,2.0686009e-001,9.6395300e+001
2810,2.9751078e-001,9.6571700e+001
2811,4.6366572e-001,9.6228300e+001
2812,6.2967563e-001,9.5477900e+001
2813,1.5828180e-001,9.6049400e+001
2814,4.4214515e-001,9.6464900e+001
2815,1.3361177e-001,9.6982300e+001
2816,4.1297283e-001,9.6778700e+001
2817,6.3430388e-001,9.5958100e+001
2818,5.4523267e-001,9.6003900e+001
2819,5.2551963e-001,9.5388700e+001
2820,4.0848165e-001,9.4973900e+001
2821,1.5115123e-001,9.5350900e+001
2822,5.9871205e-001,9.5255900e+001
2823,5.5347024e-001,9.5332400e+001
2824,3.7427671e-001,9.5705600e+001
2825,6.6870975e-001,9.5105000e+001
2826,4.0481510e-001,9.4765500e+001
2827,3.2730267e-001,9.5235300e+001
2828,1.7601895e-001,9.5853100e+001
2829,3.5053501e-001,9.6368400e+001
2830,6.4196804e-001,9.5866000e+001
2831,3.5689135e-001,9.6378900e+001
2832,6.7294151e-001,9.5775500e+001
2833,1.2803361e-001,9.6119900e+001
2834,2.6080625e-001,9.6148700e+001
2835,3.7060610e-001,9.6018200e+001
2836,1.7675770e-001,9.6538200e+001
2837,1.6659713e-001,9.7143500e+001
2838,3.9797477e-001,9.7552100e+001
2839,5.6199231e-001,9.7401500e+001
2840,2.0477010e-001,9.7972400e+001
2841,5.7104687e-001,9.7150500e+001
2842,5.8478091e-001,9.5855200e+001
2843,4.1273556e-001,9.5375700e+001
2844,2.4664039e-001,9.5803200e+001
2845,4.8495400e-001,9.5813600e+001
2846,2.2193398e-001,9.6083600e+001
2847,4.4440449e-001,9.6314200e+001
2848,3.0630704e-001,9.6844500e+001
2849,1.0234723e-001,9.7353900e+001
2850,5.4997725e-001,9.7289500e+001
2851,4.6765095e-001,9.6867500e+001
2852,4.0947494e-001,9.6809800e+001
2853,6.4536975e-001,9.5812300e+001
2854,5.2938752e-001,9.4839600e+001
2855,6.1602183e-001,9.4427400e+001
2856,4.7885909e-001,9.4287600e+001
2857,3.8467169e-001,9.4579300e+001
2858,1.7706535e-001,9.5243500e+001
2859,5.3735408e-001,9.5504800e+001
2860,1.0999635e-001,9.6027800e+001
2861,1.0868141e-001,9.6564800e+001
2862,2.0852981e-001,9.7199600e+001
2863,1.6052929e-001,9.7796800e+001
2864,4.1584090e-001,9.8209900e+001
2865,2.3795462e-001,9.8646200e+001
2866,3.0323981e-001,9.8914500e+001
2867,1.5154776e-001,9.9224500e+001
2868,6.6319575e-001,9.8383500e+001
2869,1.3096880e-001,9.8602500e+001
2870,3.9267038e-001,9.7827900e+001
2871,2.1107814e-001,9.7871900e+001
2872,3.9024898e-001,9.7735300e+001
2873,3.1453870e-001,9.7626000e+001
2874,4.5200839e-001,9.7095500e+001
2875,3.0503944e-001,9.7542600e+001
2876,3.9784624e-001,9.7580100e+001
2877,2.0182517e-001,9.7821100e+001
2878,2.7571180e-001,9.7910600e+001
2879,6.8822037e-001,9.6666900e+001
2880,1.1975853e-001,9.7028300e+001
2881,3.8166330e-001,9.7165200e+001
2882,6.1507911e-001,9.6304900e+001
2883,2.3457018e-001,9.6454300e+001
2884,4.2102055e-001,9.6021800e+001
2885,2.9241456e-001,9.6511100e+001
2886,6.1152835e-001,9.6007000e+001
2887,5.5703635e-001,9.5631600e+001
2888,3.0993985e-001,9.6081500e+001
2889,5.5911899e-001,9.5421100e+001
2890,5.1284730e-001,9.4905700e+001
2891,4.2463482e-001,9.5237400e+001
2892,4.3744481e-001,9.5585300e+001
2893,3.3491353e-001,9.5864200e+001
2894,2.9170549e-001,9.6143500e+001
2895,6.9412492e-001,9.5716900e+001
2896,3.5750872e-001,9.5989800e+001
2897,2.4906361e-001,9.6392500e+001
2898,4.1217593e-001,9.6487000e+001
2899,4.4091920e-001,9.6240300e+001
2900,5.2900889e-001,9.5871800e+001
2901,2.5244638e-001,9.6516600e+001
2902,2.6623905e-001,9.7085700e+001
2903,4.7970578e-001,9.6707800e+001
2904,2.1496916e-001,9.6958700e+001
2905,3.8666422e-001,9.7053700e+001
2906,6.6555626e-001,9.6512600e+001
2907,2.0409619e-001,9.6902000e+001
2908,6.4465954e-001,9.5728800e+001
2909,5.9286270e-001,9.4808700e+001
2910,6.4337021e-001,9.4140700e+001
2911,5.2305966e-001,9.3981500e+001
2912,4.6372632e-001,9.4077500e+001
2913,4.4822280e-001,9.4506500e+001
2914,2.8064411e-001,9.5135100e+001
2915,1.8559158e-001,9.5804300e+001
2916,4.3773068e-001,9.6341700e+001
2917,3.3955136e-001,9.6835300e+001
2918,2.3969017e-001,9.7354500e+001
2919,6.7272067e-001,9.6842900e+001
2920,6.1636703e-001,9.5794200e+001
2921,2.8062645e-001,9.5767300e+001
2922,4.8870766e-001,9.5458500e+001
2923,3.0958282e-001,9.5409700e+001
2924,5.5838028e-001,9.5336700e+001
2925,6.9731581e-001,9.5159000e+001
2926,5.8689013e-001,9.4463100e+001
2927,4.6238469e-001,9.4272100e+001
2928,6.9956389e-001,9.3521300e+001
2929,5.7031092e-001,9.3762900e+001
2930,2.1558309e-001,9.4482100e+001
2931,5.0500424e-001,9.4809600e+001
2932,6.0620873e-001,9.4557700e+001
2933,5.5011538e-001,9.4859100e+001
2934,3.8913834e-001,9.5323200e+001
2935,2.4803756e-001,9.5707900e+001
2936,5.6733947e-001,9.5240500e+001
2937,6.7438915e-001,9.4952600e+001
2938,4.5849853e-001,9.5176700e+001
2939,1.8475263e-001,9.5692300e+001
2940,1.3750277e-001,9.6161000e+001
2941,4.0906876e-001,9.6002600e+001
2942,4.1857968e-001,9.6152900e+001
2943,6.6862332e-001,9.6106100e+001
2944,1.5221435e-001,9.6697100e+001
2945,4.6659482e-001,9.6751900e+001
2946,6.5916146e-001,9.5105500e+001
2947,1.2663957e-001,9.5534700e+001
2948,2.3129574e-001,9.5969600e+001
2949,5.8744762e-001,9.6011000e+001
2950,2.3222041e-001,9.6472500e+001
2951,5.2844281e-001,9.6041500e+001
2952,3.3827519e-001,9.6506600e+001
2953,3.9116364e-001,9.6850200e+001
2954,6.8726851e-001,9.5572200e+001
2955,3.2192565e-001,9.5859300e+001
2956,4.0445414e-001,9.5806800e+001
2957,2.6073324e-001,9.6253100e+001
2958,3.4353628e-001,9.6398400e+001
2959,6.1418321e-001,9.5895500e+001
2960,1.7718827e-001,9.6523300e+001
2961,2.0320094e-001,9.7192600e+001
2962,5.9824706e-001,9.6728100e+001
2963,5.3840695e-001,9.5962600e+001
2964,4.0562230e-001,9.5838300e+001
2965,6.9396316e-001,9.4994300e+001
2966,6.3887222e-001,9.3978200e+001
2967,5.2544167e-001,9.4042600e+001
2968,2.9813143e-001,9.4474000e+001
2969,6.9497311e-001,9.4049700e+001
2970,2.1306971e-001,9.4770500e+001
2971,2.6264261e-001,9.5522400e+001
2972,6.3435816e-001,9.5584300e+001
2973,2.5764489e-001,9.6070100e+001
2974,6.3762938e-001,9.5518500e+001
2975,6.3703273e-001,9.5009000e+001
2976,2.0910110e-001,9.5136400e+001
2977,1.6223059e-001,9.5573900e+001
2978,2.0953890e-001,9.6170900e+001
2979,3.2031531e-001,9.6685300e+001
2980,3.3935875e-001,9.6829600e+001
2981,6.0254106e-001,9.6839000e+001
2982,1.0755867e-001,9.7373100e+001
2983,5.3851646e-001,9.7508100e+001
2984,4.4614017e-001,9.6605400e+001
2985,6.7775545e-001,9.5059000e+001
2986,6.3576644e-001,9.4579200e+001
2987,5.2658595e-001,9.4033900e+001
2988,3.3003297e-001,9.4399800e+001
2989,4.6407086e-001,9.4582600e+001
2990,2.3901133e-001,9.5281900e+001
2991,6.6347087e-001,9.5393000e+001
2992,5.5496307e-001,9.5434100e+001
2993,2.6435182e-001,9.5835000e+001
2994,5.6099018e-001,9.5371900e+001
2995,1.6195230e-001,9.5778100e+001
2996,3.3238793e-001,9.5893500e+001
2997,4.4397680e-001,9.6272500e+001
2998,3.1809836e-001,9.6832700e+001
2999,2.7914170e-001,9.7332700e+001
3000,1.3463294e-001,9.7755600e+001
3001,1.7575451e-001,9.8127800e+001
3002,1.0604791e-001,9.8522200e+001
3003,3.4730301e-001,9.8853500e+001
3004,3.2177024e-001,9.8883300e+001
3005,1.9239401e-001,9.9104600e+001
3006,1.6609511e-001,9.9436100e+001
3007,3.6052730e-001,9.9574100e+001
3008,5.8227360e-001,9.8683400e+001
3009,2.7238127e-001,9.8355500e+001
3010,5.1201292e-001,9.7288800e+001
3011,2.0113194e-001,9.7513300e+001
3012,6.2451449e-001,9.5947600e+001
3013,4.1501864e-001,9.5850700e+001
3014,2.1831144e-001,9.6410100e+001
3015,1.6030749e-001,9.6938200e+001
3016,2.8796434e-001,9.7190000e+001
3017,2.1670801e-001,9.7580200e+001
3018,2.1159804e-001,9.8018600e+001
3019,1.2821964e-001,9.8397600e+001
3020,3.8747677e-001,9.8480500e+001
3021,5.2204312e-001,9.8553900e+001
3022,1.7875909e-001,9.8935300e+001
3023,2.0409116e-001,9.9175900e+001
3024,5.6005023e-001,9.7986400e+001
3025,5.6414264e-001,9.6454100e+001
3026,3.4535302e-001,9.6289500e+001
3027,5.4821346e-001,9.6032300e+001
3028,2.2367610e-001,9.6119200e+001
3029,3.2425125e-001,9.6039200e+001
3030,4.9070714e-001,9.6146000e+001
3031,3.1491046e-001,9.6635600e+001
3032,1.0014646e-001,9.7118900e+001
3033,1.6159192e-001,9.7615700e+001
3034,2.7543084e-001,9.7947000e+001
3035,1.6620552e-001,9.8406200e+001
3036,4.1620328e-001,9.8555200e+001
3037,3.2845396e-001,9.8488900e+001
3038,3.2566352e-001,9.8602300e+001
3039,2.2673271e-001,9.8993300e+001
3040,6.9661889e-001,9.7355300e+001
3041,2.7376432e-001,9.7129500e+001
3042,3.5697295e-001,9.6875700e+001
3043,2.4432333e-001,9.7150200e+001
3044,5.4219122e-001,9.6494700e+001
3045,4.0787213e-001,9.6174300e+001
3046,1.0689249e-001,9.6660000e+001
3047,1.4214703e-001,9.7254900e+001
3048,4.6518882e-001,9.7545200e+001
3049,4.2848665e-001,9.7254700e+001
3050,3.7509734e-001,9.7063100e+001
3051,6.6091994e-001,9.6497600e+001
3052,2.8149242e-001,9.6548600e+001
3053,6.4311073e-001,9.5204400e+001
3054,3.6206427e-001,9.5349800e+001
3055,6.1418520e-001,9.4750700e+001
3056,2.1067887e-001,9.5380200e+001
3057,2.7970397e-001,9.6028600e+001
3058,5.8454180e-001,9.5653800e+001
3059,5.9405148e-001,9.5455700e+001
3060,2.2318463e-001,9.5870100e+001
3061,4.6411330e-001,9.6157800e+001
3062,3.5219393e-001,9.6049700e+001
3063,3.2333809e-001,9.6088100e+001
3064,1.4331129e-001,9.6601900e+001
3065,2.3281342e-001,9.7198200e+001
3066,2.9515971e-001,9.7769600e+001
3067,5.4918196e-001,9.7613900e+001
3068,3.0126725e-001,9.7745700e+001
3069,5.9862026e-001,9.7124400e+001
3070,2.1065807e-001,9.7324200e+001
3071,5.3010005e-001,9.6160800e+001
3072,5.9154545e-001,9.5447600e+001
3073,1.0430903e-001,9.5938400e+001
3074,5.2179161e-001,9.5700300e+001
3075,1.5161810e-001,9.6240800e+001
3076,6.4534065e-001,9.5612800e+001
3077,6.4033179e-001,9.5202500e+001
3078,4.5640878e-001,9.5164200e+001
3079,4.6236470e-001,9.4965700e+001
3080,3.6349803e-001,9.4872500e+001
3081,1.1138049e-001,9.5390400e+001
3082,5.7192697e-001,9.5665100e+001
3083,3.7660942e-001,9.6195700e+001
3084,2.7448080e-001,9.6719700e+001
3085,3.9886261e-001,9.6936500e+001
3086,4.8390916e-001,9.6799800e+001
3087,6.6132230e-001,9.5640400e+001
3088,4.4381356e-001,9.5671800e+001
3089,5.7449887e-001,9.4779600e+001
3090,4.0259070e-001,9.4755700e+001
3091,1.4185276e-001,9.5269700e+001
3092,3.1934764e-001,9.5788400e+001
3093,2.7572828e-001,9.6441000e+001
3094,3.6527854e-001,9.6967600e+001
3095,6.3638147e-001,9.6643500e+001
3096,6.6343220e-001,9.5965700e+001
3097,5.0493928e-001,9.4972000e+001
3098,1.1443491e-001,9.5292400e+001
3099,3.0759208e-001,9.5356400e+001
3100,1.0005532e-001,9.5758100e+001
3101,4.2982432e-001,9.6052700e+001
3102,6.5738081e-001,9.6067500e+001
3103,1.9927190e-001,9.6711500e+001
3104,5.6276338e-001,9.6712000e+001
3105,5.6406833e-001,9.5381900e+001
3106,2.9646641e-001,9.5383100e+001
3107,3.1090075e-001,9.5803000e+001
3108,5.0887109e-001,9.6016500e+001
3109,1.9636967e-001,9.6327700e+001
3110,3.8501088e-001,9.6567700e+001
3111,4.7791951e-001,9.6791300e+001
3112,1.9314973e-001,9.7308400e+001
3113,2.6748943e-001,9.7605300e+001
3114,4.9490659e-001,9.7168700e+001
3115,6.9509008e-001,9.6016100e+001
3116,3.7898949e-001,9.5943700e+001
3117,6.7641431e-001,9.4711300e+001
3118,2.9532991e-001,9.4700600e+001
3119,4.0985298e-001,9.4917200e+001
3120,3.9897597e-001,9.5473900e+001
3121,5.8917302e-001,9.5356700e+001
3122,4.3092833e-001,9.5655900e+001
3123,6.1241723e-001,9.5260500e+001
3124,4.9645453e-001,9.4869600e+001
3125,3.1129390e-001,9.5118200e+001
3126,5.1650717e-001,9.5244200e+001
3127,1.3599028e-001,9.5780300e+001
3128,1.8858626e-001,9.6308200e+001
3129,3.6918965e-001,9.6690000e+001
3130,3.7047794e-001,9.7166300e+001
3131,4.2277965e-001,9.7420800e+001
3132,4.5762170e-001,9.7243400e+001
3133,4.4783706e-001,9.7173400e+001
3134,3.9749426e-001,9.6601900e+001
3135,2.8602918e-001,9.6665800e+001
3136,6.9241014e-001,9.5629700e+001
3137,3.3727959e-001,9.5826500e+001
3138,4.5804024e-001,9.5838800e+001
3139,2.8224819e-001,9.6182300e+001
3140,1.4531743e-001,9.6629100e+001
3141,3.5006597e-001,9.6725900e+001
3142,5.5883413e-001,9.6556300e+001
3143,5.2517078e-001,9.6549500e+001
3144,5.4534460e-001,9.6116500e+001
3145,6.0670332e-001,9.4677600e+001
3146,4.6262113e-001,9.4483700e+001
3147,4.7329957e-001,9.4670700e+001
3148,5.4594181e-001,9.4649500e+001
3149,4.4393737e-001,9.4926700e+001
3150,2.5530663e-001,9.5554000e+001
3151,3.3847722e-001,9.6089100e+001
3152,1.8671221e-001,9.6612600e+001
3153,6.7203231e-001,9.6131400e+001
3154,4.4701319e-001,9.6294300e+001
3155,3.5069045e-001,9.6594800e+001
3156,2.5435688e-001,9.6875700e+001
3157,5.7611658e-001,9.5882900e+001
3158,5.9137403e-001,9.5406600e+001
3159,2.2324876e-001,9.6029100e+001
3160,3.4183722e-001,9.6417000e+001
3161,2.5807995e-001,9.6734800e+001
3162,1.4974670e-001,9.7092300e+001
3163,3.9280770e-001,9.6987900e+001
3164,1.1902747e-001,9.7447600e+001
3165,6.9474567e-001,9.7261700e+001
3166,5.9042209e-001,9.6533200e+001
3167,4.2401183e-001,9.6028700e+001
3168,1.6674886e-001,9.6152500e+001
3169,5.4813928e-001,9.5216400e+001
3170,1.7687913e-001,9.5609000e+001
3171,4.0752797e-001,9.6137200e+001
3172,3.2252315e-001,9.6750100e+001
3173,2.4661411e-001,9.7352900e+001
3174,6.4330259e-001,9.6740200e+001
3175,5.8670372e-001,9.6102400e+001
3176,3.2934664e-001,9.6009800e+001
3177,3.2898244e-001,9.6102100e+001
3178,2.0781938e-001,9.6386700e+001
3179,2.2034173e-001,9.6588200e+001
3180,6.8350442e-001,9.6112100e+001
3181,6.5886440e-001,9.5869600e+001
3182,5.3403270e-001,9.5224000e+001
3183,6.8763810e-001,9.3330700e+001
3184,5.3358658e-001,9.3531200e+001
3185,3.8968365e-001,9.4149900e+001
3186,4.1303215e-001,9.4690900e+001
3187,4.3138175e-001,9.5039400e+001
3188,4.3313455e-001,9.5559500e+001
3189,4.9244622e-001,9.5894500e+001
3190,1.4355867e-001,9.6437700e+001
3191,1.9064409e-001,9.6966500e+001
3192,1.5525841e-001,9.7423600e+001
3193,6.2816704e-001,9.6849600e+001
3194,6.0343279e-001,9.6268400e+001
3195,6.9495406e-001,9.5403300e+001
3196,4.9281938e-001,9.4003300e+001
3197,4.1527447e-001,9.4086200e+001
3198,3.1793714e-001,9.4701200e+001
3199,5.6943666e-001,9.4904900e+001
3200,5.2193482e-001,9.5291000e+001
3201,1.5850370e-001,9.5922400e+001
3202,5.7163238e-001,9.5847600e+001
3203,2.2533517e-001,9.6222700e+001
3204,6.0818991e-001,9.5602300e+001
3205,2.4782915e-001,9.6131200e+001
3206,6.6444911e-001,9.5658800e+001
3207,1.9624586e-001,9.5904400e+001
3208,1.0417496e-001,9.6348500e+001
3209,6.6849694e-001,9.5660500e+001
3210,4.2811112e-001,9.5855300e+001
3211,6.6366429e-001,9.5116000e+001
3212,2.0565963e-001,9.5751200e+001
3213,5.2142510e-001,9.5072100e+001
3214,5.9165347e-001,9.4919000e+001
3215,1.1981695e-001,9.5454800e+001
3216,1.6342810e-001,9.5996300e+001
3217,5.3614471e-001,9.6162800e+001
3218,1.8412336e-001,9.6769000e+001
3219,3.6124945e-001,9.6884500e+001
3220,1.1953070e-001,9.7297500e+001
3221,1.5253075e-001,9.7786900e+001
3222,3.8423707e-001,9.8187400e+001
3223,6.7239091e-001,9.7172100e+001
3224,4.7401563e-001,9.6882900e+001
3225,5.8073139e-001,9.5844100e+001
3226,1.5244180e-001,9.5956700e+001
3227,6.8928940e-001,9.4516600e+001
3228,6.8701897e-001,9.4265300e+001
3229,3.2788081e-001,9.4632600e+001
3230,2.9270214e-001,9.5192800e+001
3231,6.4480130e-001,9.4498600e+001
3232,5.7548029e-001,9.4670900e+001
3233,6.9728846e-001,9.4482000e+001
3234,1.2707998e-001,9.4896600e+001
3235,4.3317838e-001,9.4656200e+001
3236,6.2903748e-001,9.4555400e+001
3237,2.3295023e-001,9.5179400e+001
3238,1.9451099e-001,9.5829000e+001
3239,3.4626460e-001,9.6473700e+001
3240,2.6914367e-001,9.7156800e+001
3241,6.9758876e-001,9.6192300e+001
3242,3.7428047e-001,9.6526200e+001
3243,1.3183099e-001,9.7089000e+001
3244,4.8338403e-001,9.6776800e+001
3245,2.3534724e-001,9.6806400e+001
3246,2.8106294e-001,9.6885500e+001
3247,6.2485819e-001,9.6419800e+001
3248,1.9159762e-001,9.7047500e+001
3249,5.8113004e-001,9.6539800e+001
3250,2.5265600e-001,9.6700800e+001
3251,1.8940596e-001,9.7119300e+001
3252,3.4595059e-001,9.7049700e+001
3253,3.9156147e-001,9.6944700e+001
3254,1.7368170e-001,9.7483900e+001
3255,6.6830660e-001,9.6844400e+001
3256,2.2896060e-001,9.7310800e+001
3257,3.4077127e-001,9.7477500e+001
3258,3.4276939e-001,9.7190300e+001
3259,3.2505933e-001,9.7180600e+001
3260,2.7219234e-001,9.7379300e+001
3261,3.3664203e-001,9.7356900e+001
3262,5.4265442e-001,9.7386200e+001
3263,3.9283520e-001,9.7206700e+001
3264,5.8121371e-001,9.6347300e+001
3265,4.5882446e-001,9.5799400e+001
3266,2.6272431e-001,9.5886000e+001
3267,2.0755256e-001,9.6228000e+001
3268,5.3595424e-001,9.6171300e+001
3269,5.8288789e-001,9.5779200e+001
3270,3.9668968e-001,9.6118600e+001
3271,5.6338262e-001,9.5714900e+001
3272,1.7176983e-001,9.5918600e+001
3273,3.3558389e-001,9.5878400e+001
3274,1.5848876e-001,9.6377200e+001
3275,3.2055619e-001,9.6880400e+001
3276,1.8786131e-001,9.7459900e+001
3277,1.8496964e-001,9.8033600e+001
3278,1.8467694e-001,9.8541700e+001
3279,6.6525914e-001,9.8121400e+001
3280,6.1038111e-001,9.7132200e+001
3281,4.7525110e-001,9.6247800e+001
3282,3.4528803e-001,9.5804300e+001
3283,6.5597476e-001,9.4378800e+001
3284,5.6780819e-001,9.4525000e+001
3285,1.5221209e-001,9.5160800e+001
3286,4.2867606e-001,9.5586000e+001
3287,5.5857791e-001,9.5180500e+001
3288,4.1885354e-001,9.5431900e+001
3289,4.7140657e-001,9.5820300e+001
3290,5.3018236e-001,9.5572000e+001
3291,1.7496265e-001,9.5865500e+001
3292,5.9727725e-001,9.5549900e+001
3293,4.3872197e-001,9.5682500e+001
3294,2.0007736e-001,9.6128500e+001
3295,3.0018768e-001,9.6519000e+001
3296,4.5436021e-001,9.6671800e+001
3297,2.3213147e-001,9.7088500e+001
3298,2.3363132e-001,9.7346400e+001
3299,2.4166077e-001,9.7753300e+001
3300,1.9256142e-001,9.8293100e+001
3301,5.7975156e-001,9.8023300e+001
3302,4.8443509e-001,9.7327200e+001
3303,5.0053487e-001,9.6946900e+001
3304,4.8957904e-001,9.6014100e+001
3305,5.5498152e-001,9.4864300e+001
3306,5.7441691e-001,9.4704400e+001
3307,2.2508084e-001,9.5211000e+001
3308,5.3360703e-001,9.5192100e+001
3309,1.3331448e-001,9.5711200e+001
3310,2.1638860e-001,9.6262600e+001
3311,2.4314231e-001,9.6790500e+001
3312,4.9274689e-001,9.7000800e+001
3313,3.9698583e-001,9.7364200e+001
3314,1.4076094e-001,9.7837300e+001
3315,5.6919930e-001,9.7404200e+001
3316,1.3260901e-001,9.7826700e+001
3317,3.5959883e-001,9.7573900e+001
3318,5.7747629e-001,9.6561700e+001
3319,6.4396999e-001,9.5747000e+001
3320,4.0358449e-001,9.5503300e+001
3321,6.4453315e-001,9.4430900e+001
3322,2.6867964e-001,9.4710000e+001
3323,6.9875423e-001,9.4426800e+001
3324,1.6238355e-001,9.5079200e+001
3325,3.8028050e-001,9.5593700e+001
3326,1.7435471e-001,9.6073600e+001
3327,5.7962973e-001,9.6137800e+001
3328,2.3694419e-001,9.6601900e+001
3329,1.2101247e-001,9.7004600e+001
3330,4.5657618e-001,9.7261900e+001
3331,2.7590845e-001,9.7787100e+001
3332,3.9326167e-001,9.7632500e+001
3333,5.4892512e-001,9.6871000e+001
3334,1.8456284e-001,9.7357000e+001
3335,5.4772980e-001,9.6691300e+001
3336,4.9475349e-001,9.6161900e+001
3337,5.2198648e-001,9.5523800e+001
3338,4.2684563e-001,9.5611600e+001
3339,3.9445709e-001,9.5632000e+001
3340,2.4031697e-001,9.5940800e+001
3341,4.0724692e-001,9.6237900e+001
3342,3.9903382e-001,9.6506600e+001
3343,3.6133956e-001,9.6858800e+001
3344,4.3405055e-001,9.6990500e+001
3345,2.8760327e-001,9.7278800e+001
3346,1.4816164e-001,9.7680400e+001
3347,1.5267008e-001,9.8039800e+001
3348,3.2596345e-001,9.8052900e+001
3349,4.6767367e-001,9.7834600e+001
3350,1.9134854e-001,9.8189800e+001
3351,5.9497418e-001,9.7626800e+001
3352,1.3099445e-001,9.8022600e+001
3353,2.2363880e-001,9.8331700e+001
3354,2.9722759e-001,9.8177900e+001
3355,5.0404203e-001,9.7220800e+001
3356,6.3443323e-001,9.6317200e+001
3357,3.1925718e-001,9.6508500e+001
3358,5.5538562e-001,9.5843900e+001
3359,1.6609163e-001,9.5998100e+001
3360,3.0209719e-001,9.6053900e+001
3361,1.4745488e-001,9.6510200e+001
3362,2.7416683e-001,9.7000500e+001
3363,5.2185801e-001,9.7242500e+001
3364,6.6749087e-001,9.6550600e+001
3365,3.1902120e-001,9.6851600e+001
3366,1.8932291e-001,9.7091700e+001
3367,1.5010824e-001,9.7336500e+001
3368,4.6920079e-001,9.6503500e+001
3369,6.5774183e-001,9.5771100e+001
3370,2.6689789e-001,9.6368700e+001
3371,1.5284745e-001,9.7002200e+001
3372,3.0713863e-001,9.7520900e+001
3373,2.7901399e-001,9.7616500e+001
3374,3.8816821e-001,9.7092100e+001
3375,1.4305569e-001,9.7461000e+001
3376,1.3701951e-001,9.7917400e+001
3377,6.8693161e-001,9.7783000e+001
3378,6.5957723e-001,9.6265700e+001
3379,5.1457615e-001,9.5396600e+001
3380,6.8142536e-001,9.3464200e+001
3381,5.1596016e-001,9.3637100e+001
3382,5.4243101e-001,9.3979400e+001
3383,2.3792480e-001,9.4660900e+001
3384,4.0213930e-001,9.5077300e+001
3385,3.5527876e-001,9.5650100e+001
3386,5.7011050e-001,9.5867800e+001
3387,4.4724211e-001,9.6067900e+001
3388,5.9820714e-001,9.5583100e+001
3389,4.6746327e-001,9.5169500e+001
3390,2.5519769e-001,9.5434500e+001
3391,3.0753883e-001,9.5808400e+001
3392,4.0517261e-001,9.6156500e+001
3393,3.3605246e-001,9.6489600e+001
3394,2.3363039e-001,9.7017400e+001
3395,2.2588751e-001,9.7608600e+001
3396,2.9130319e-001,9.8127700e+001
3397,5.3278521e-001,9.7814400e+001
3398,1.2095921e-001,9.8105700e+001
3399,1.6144459e-001,9.8396400e+001
3400,1.9923492e-001,9.8689500e+001
3401,5.4126200e-001,9.8224900e+001
3402,3.9046654e-001,9.7812600e+001
3403,3.7110451e-001,9.7437900e+001
3404,1.5354455e-001,9.7776000e+001
3405,6.2322750e-001,9.7023200e+001
3406,3.8463233e-001,9.6322100e+001
3407,1.1558375e-001,9.6709500e+001
3408,4.1611533e-001,9.6946700e+001
3409,6.5040656e-001,9.6089500e+001
3410,5.8299130e-001,9.5282200e+001
3411,3.3473063e-001,9.5730000e+001
3412,2.1768452e-001,9.6132600e+001
3413,4.2369630e-001,9.5714600e+001
3414,2.6363079e-001,9.6064500e+001
3415,4.4273707e-001,9.6474800e+001
3416,4.8186000e-001,9.6804200e+001
3417,4.2100714e-001,9.6961100e+001
3418,6.6696817e-001,9.5640100e+001
3419,5.3400310e-001,9.4885200e+001
3420,1.9012520e-001,9.5302800e+001
3421,4.3423967e-001,9.5441700e+001
3422,4.6607809e-001,9.5407200e+001
3423,3.7452594e-001,9.5762200e+001
3424,6.5742015e-001,9.5723600e+001
3425,2.6041070e-001,9.6164100e+001
3426,3.2264700e-001,9.6187000e+001
3427,5.2814502e-001,9.5867900e+001
3428,1.3328075e-001,9.6341100e+001
3429,2.4949493e-001,9.6765300e+001
3430,4.6130350e-001,9.6809500e+001
3431,5.2796008e-001,9.6901500e+001
3432,6.2506011e-001,9.5865800e+001
3433,5.8523968e-001,9.5107400e+001
3434,3.2328865e-001,9.4895700e+001
3435,5.1228705e-001,9.4727300e+001
3436,6.0847013e-001,9.4557900e+001
3437,1.5747520e-001,9.5191700e+001
3438,6.8568399e-001,9.5122500e+001
3439,6.9080401e-001,9.4143600e+001
3440,3.4292206e-001,9.4509600e+001
3441,4.9099241e-001,9.4779400e+001
3442,3.0941471e-001,9.4870300e+001
3443,1.3300306e-001,9.5409100e+001
3444,3.8241650e-001,9.6034900e+001
3445,6.7409834e-001,9.6134100e+001
3446,3.7074935e-001,9.6323500e+001
3447,1.8438054e-001,9.6749100e+001
3448,4.8374850e-001,9.6675200e+001
3449,3.6099950e-001,9.6334500e+001
3450,1.1861587e-001,9.6639100e+001
3451,3.7690831e-001,9.6827500e+001
3452,4.9795331e-001,9.7135700e+001
3453,3.0124912e-001,9.7425800e+001
3454,2.9403988e-001,9.7451500e+001
3455,3.2824934e-001,9.7600600e+001
3456,4.8665512e-001,9.7279900e+001
3457,6.1263135e-001,9.6185700e+001
3458,4.9517721e-001,9.5986900e+001
3459,4.4334544e-001,9.5521800e+001
3460,5.0687995e-001,9.4938300e+001
3461,3.3138134e-001,9.5254300e+001
3462,3.2624657e-001,9.5778600e+001
3463,4.2603887e-001,9.6185600e+001
3464,6.3531461e-001,9.5770100e+001
3465,1.3266299e-001,9.6238200e+001
3466,6.6681277e-001,9.5751500e+001
3467,3.2218715e-001,9.5773500e+001
3468,5.9946606e-001,9.5020300e+001
3469,6.2611674e-001,9.4813600e+001
3470,3.4405260e-001,9.4822100e+001
3471,2.9205675e-001,9.5381600e+001
3472,5.9775874e-001,9.5067400e+001
3473,1.3108760e-001,9.5571900e+001
3474,5.8933371e-001,9.5704800e+001
3475,1.3158922e-001,9.6293200e+001
3476,6.2004737e-001,9.6076500e+001
3477,3.3619501e-001,9.6013300e+001
3478,2.2961698e-001,9.6454400e+001
3479,5.7265546e-001,9.6103800e+001
3480,6.2033488e-001,9.5475900e+001
3481,3.6839262e-001,9.5572900e+001
3482,1.7476884e-001,9.6168400e+001
3483,3.3983279e-001,9.6478000e+001
3484,1.6976775e-001,9.6776400e+001
3485,2.8650528e-001,9.6922100e+001
3486,2.9417929e-001,9.7355200e+001
3487,2.7140795e-001,9.7913600e+001
3488,3.5335311e-001,9.8431900e+001
3489,6.0573823e-001,9.7864800e+001
3490,4.4239414e-001,9.7232800e+001
3491,1.1830254e-001,9.7467500e+001
3492,5.1076044e-001,9.6642700e+001
3493,1.5075472e-001,9.6902400e+001
3494,5.3465098e-001,9.6204400e+001
3495,2.7901223e-001,9.6587900e+001
3496,3.5857044e-001,9.7066700e+001
3497,6.9344849e-001,9.6026900e+001
3498,3.8881203e-001,9.6014600e+001
3499,1.6386270e-001,9.6306400e+001
3500,6.4043879e-001,9.5667200e+001
3501,4.5472530e-001,9.5216300e+001
3502,3.6809576e-001,9.5567700e+001
3503,5.8537391e-001,9.5639100e+001
3504,1.7928341e-001,9.6000400e+001
3505,6.1633093e-001,9.5393200e+001
3506,2.7398265e-001,9.5955200e+001
3507,4.2644287e-001,9.6117000e+001
3508,2.2536458e-001,9.6475400e+001
3509,5.0243452e-001,9.6515100e+001
3510,6.1699573e-001,9.5821700e+001
3511,6.4727212e-001,9.5161500e+001
3512,1.0245698e-001,9.5549500e+001
3513,5.9453822e-001,9.4746500e+001
3514,6.0386458e-001,9.4297900e+001
3515,1.5207861e-001,9.4917400e+001
3516,5.8517218e-001,9.5174600e+001
3517,3.8884390e-001,9.5553000e+001
3518,6.9943524e-001,9.4775000e+001
3519,2.0804944e-001,9.5394100e+001
3520,4.8701268e-001,9.5474300e+001
3521,6.2219352e-001,9.4937000e+001
3522,4.0641105e-001,9.5007500e+001
3523,1.5053038e-001,9.5581300e+001
3524,3.6409880e-001,9.6242100e+001
3525,6.0851444e-001,9.5645500e+001
3526,3.0222780e-001,9.6012300e+001
3527,5.4268102e-001,9.6190100e+001
3528,2.3990089e-001,9.6650200e+001
3529,6.1428581e-001,9.5554300e+001
3530,1.0164421e-001,9.5959700e+001
3531,1.3421018e-001,9.6465600e+001
3532,2.7045526e-001,9.7049600e+001
3533,5.4155486e-001,9.6828100e+001
3534,5.1249991e-001,9.6679600e+001
3535,5.8591134e-001,9.6136800e+001
3536,2.1197323e-001,9.6623900e+001
3537,4.3406466e-001,9.5856800e+001
3538,5.2475635e-001,9.5435600e+001
3539,1.7991040e-001,9.5984000e+001
3540,3.5402217e-001,9.6422400e+001
3541,4.5053097e-001,9.6704100e+001
3542,6.7394828e-001,9.5756600e+001
3543,2.4882082e-001,9.6097700e+001
3544,5.3152579e-001,9.5961800e+001
3545,5.5387205e-001,9.5038800e+001
3546,5.2746917e-001,9.4809500e+001
3547,1.7442181e-001,9.5451400e+001
3548,5.0729371e-001,9.5660500e+001
3549,6.8545636e-001,9.4840600e+001
3550,4.6498201e-001,9.5018800e+001
3551,5.5256440e-001,9.4928600e+001
3552,1.4986443e-001,9.5260900e+001
3553,5.7141559e-001,9.4857200e+001
3554,1.8186131e-001,9.5484700e+001
3555,1.4306576e-001,9.6138800e+001
3556,3.0622405e-001,9.6849900e+001
3557,5.0760371e-001,9.6953600e+001
3558,4.9552203e-001,9.6977500e+001
3559,2.3869831e-001,9.7195800e+001
3560,2.0254476e-001,9.7586600e+001
3561,3.6977674e-001,9.7796900e+001
3562,6.3762464e-001,9.6250900e+001
3563,5.5733055e-001,9.5934200e+001
3564,4.5457421e-001,9.5911100e+001
3565,2.2875042e-001,9.6014000e+001
3566,4.0832542e-001,9.5594200e+001
3567,5.2532295e-001,9.5542200e+001
3568,1.0279702e-001,9.6091200e+001
3569,3.0957845e-001,9.6734700e+001
3570,4.8505502e-001,9.6940800e+001
3571,1.1977870e-001,9.7405300e+001
3572,1.2062648e-001,9.7855300e+001
3573,5.6929870e-001,9.7205700e+001
3574,6.0331658e-001,9.6731500e+001
3575,5.4169421e-001,9.5773700e+001
3576,4.5457378e-001,9.5580200e+001
3577,2.2147190e-001,9.5520400e+001
3578,4.7818245e-001,9.5316600e+001
3579,4.1237331e-001,9.5710600e+001
3580,1.5817433e-001,9.6320000e+001
3581,4.3604766e-001,9.6735800e+001
3582,2.5301174e-001,9.7246200e+001
3583,1.6828562e-001,9.7750000e+001
3584,5.7643980e-001,9.7180700e+001
3585,6.2364128e-001,9.6525200e+001
3586,1.3892335e-001,9.6902100e+001
3587,2.8476214e-001,9.6952500e+001
3588,3.9734775e-001,9.6856700e+001
3589,2.2370001e-001,9.6975800e+001
3590,1.2611966e-001,9.7223700e+001
3591,4.9305272e-001,9.7111100e+001
3592,1.3699453e-001,9.7645900e+001
3593,2.6712047e-001,9.8259800e+001
3594,2.9369856e-001,9.8730100e+001
3595,5.9173042e-001,9.7769400e+001
3596,2.1315890e-001,9.8023100e+001
3597,5.6168503e-001,9.6954800e+001
3598,4.4030086e-001,9.6649600e+001
3599,3.3648429e-001,9.6331600e+001
3600,2.9140766e-001,9.6381200e+001
3601,4.8849184e-001,9.6446500e+001
3602,2.8235650e-001,9.6653100e+001
3603,1.6570431e-001,9.7056700e+001
3604,3.9235960e-001,9.7378700e+001
3605,3.8771860e-001,9.7572300e+001
3606,3.8644573e-001,9.7521400e+001
3607,5.9335806e-001,9.6774000e+001
3608,5.6898200e-001,9.5917900e+001
3609,6.8040092e-001,9.4478000e+001
3610,6.9830311e-001,9.3296600e+001
3611,3.8033162e-001,9.3705000e+001
3612,4.3357736e-001,9.4106500e+001
3613,1.3462370e-001,9.4715400e+001
3614,6.2060457e-001,9.4960600e+001
3615,1.0093576e-001,9.5545900e+001
3616,2.2739582e-001,9.6319700e+001
3617,4.4155499e-001,9.6919800e+001
3618,4.1467955e-001,9.7085800e+001
3619,5.1918534e-001,9.6660500e+001
3620,1.4805546e-001,9.6959400e+001
3621,1.6812640e-001,9.7403300e+001
3622,3.0043197e-001,9.7858900e+001
3623,3.6004379e-001,9.7644600e+001
3624,2.5594778e-001,9.7779300e+001
3625,3.1435461e-001,9.8019900e+001
3626,3.5799731e-001,9.8208000e+001
3627,6.6079234e-001,9.7360300e+001
3628,5.3685437e-001,9.6164600e+001
3629,1.1133167e-001,9.6517600e+001
3630,3.5131807e-001,9.6457100e+001
3631,6.0275459e-001,9.5373900e+001
3632,6.9635907e-001,9.4823100e+001
3633,1.0696020e-001,9.5396500e+001
3634,6.8008547e-001,9.4816100e+001
3635,1.9650926e-001,9.4998600e+001
3636,3.3112316e-001,9.5279500e+001
3637,1.8697874e-001,9.5889600e+001
3638,3.5170520e-001,9.6503400e+001
3639,5.0926615e-001,9.6863600e+001
3640,2.3621909e-001,9.7172800e+001
3641,5.3416749e-001,9.7255900e+001
3642,5.5300103e-001,9.6428400e+001
3643,2.8836287e-001,9.6294100e+001
3644,3.1476684e-001,9.6347300e+001
3645,6.8620774e-001,9.5448400e+001
3646,4.9344552e-001,9.5231800e+001
3647,1.3891110e-001,9.5781800e+001
3648,6.7892550e-001,9.5299500e+001
3649,5.0090447e-001,9.4673800e+001
3650,1.0148415e-001,9.5194200e+001
3651,4.4419002e-001,9.5765700e+001
3652,3.0160188e-001,9.6303900e+001
3653,2.2281043e-001,9.6740200e+001
3654,1.7489618e-001,9.7061700e+001
3655,6.8009904e-001,9.6797200e+001
3656,4.2453835e-001,9.6955300e+001
3657,6.1611850e-001,9.5985100e+001
3658,3.0364622e-001,9.5984100e+001
3659,3.8194892e-001,9.5452800e+001
3660,6.1549539e-001,9.5201300e+001
3661,6.3107194e-001,9.4782000e+001
3662,2.2610552e-001,9.5381900e+001
3663,3.5539171e-001,9.5814800e+001
3664,6.6844333e-001,9.4801100e+001
3665,1.2698297e-001,9.5341000e+001
3666,6.0273748e-001,9.5507200e+001
3667,4.0886210e-001,9.5916200e+001
3668,5.4523543e-001,9.5179300e+001
3669,5.7193783e-001,9.5112200e+001
3670,5.5910313e-001,9.4601700e+001
3671,2.4631717e-001,9.5167100e+001
3672,4.5264449e-001,9.5280600e+001
3673,1.9595533e-001,9.5783700e+001
3674,6.2121082e-001,9.5680300e+001
3675,6.9032852e-001,9.5304300e+001
3676,1.5145084e-001,9.5839000e+001
3677,2.3428569e-001,9.6182900e+001
3678,4.3958478e-001,9.6038700e+001
3679,3.0135661e-001,9.6076800e+001
3680,3.0047078e-001,9.6450900e+001
3681,4.1235914e-001,9.6934700e+001
3682,5.2012905e-001,9.7234600e+001
3683,4.0899105e-001,9.6825600e+001
3684,3.1265292e-001,9.6893500e+001
3685,5.5760306e-001,9.6194400e+001
3686,2.3470011e-001,9.6372600e+001
3687,2.0482176e-001,9.6732600e+001
3688,2.3928549e-001,9.7141700e+001
3689,4.7130682e-001,9.7250400e+001
3690,6.5372711e-001,9.6385100e+001
3691,5.9151566e-001,9.5960100e+001
3692,2.0363114e-001,9.6208300e+001
3693,6.2856317e-001,9.4671400e+001
3694,6.6122025e-001,9.4142200e+001
3695,5.2872109e-001,9.4392000e+001
3696,2.1529937e-001,9.5038900e+001
3697,5.3658998e-001,9.4682600e+001
3698,4.6772269e-001,9.4955100e+001
3699,4.1519287e-001,9.5492700e+001
3700,1.4655063e-001,9.6133700e+001
3701,6.7635637e-001,9.5853400e+001
3702,5.2150574e-001,9.5362900e+001
3703,1.4702723e-001,9.5894600e+001
3704,2.8658270e-001,9.6381900e+001
3705,3.9536797e-001,9.6563500e+001
3706,5.4945126e-001,9.5887800e+001
3707,6.2740529e-001,9.5801400e+001
3708,4.0072142e-001,9.5988500e+001
3709,5.2498457e-001,9.5039000e+001
3710,4.1574389e-001,9.4962400e+001
3711,4.0751841e-001,9.5272100e+001
3712,1.6198710e-001,9.5881000e+001
3713,3.1719616e-001,9.6522000e+001
3714,1.1581267e-001,9.7067300e+001
3715,6.6346768e-001,9.6647000e+001
3716,5.0121939e-001,9.6570800e+001
3717,5.9436064e-001,9.5957400e+001
3718,6.1924267e-001,9.4329400e+001
3719,6.1149639e-001,9.3835300e+001
3720,6.1976862e-001,9.3587700e+001
3721,4.5124429e-001,9.3891000e+001
3722,6.6271882e-001,9.3787100e+001
3723,5.1513097e-001,9.4032200e+001
3724,4.0621406e-001,9.4530200e+001
3725,4.3963808e-001,9.4948200e+001
3726,5.9728179e-001,9.4727600e+001
3727,5.1507602e-001,9.5013800e+001
3728,6.8273848e-001,9.4435100e+001
3729,3.8571102e-001,9.4489400e+001
3730,2.4504726e-001,9.4939600e+001
3731,1.0929966e-001,9.5468500e+001
3732,3.9945314e-001,9.5973500e+001
3733,2.0893656e-001,9.6559200e+001
3734,3.9673919e-001,9.6953200e+001
3735,1.9548690e-001,9.7558800e+001
3736,5.4832789e-001,9.7835900e+001
3737,3.4680286e-001,9.7921600e+001
3738,3.1570494e-001,9.7696000e+001
3739,2.5289819e-001,9.7763500e+001
3740,6.5992722e-001,9.6522500e+001
3741,3.9679233e-001,9.6196900e+001
3742,4.8869321e-001,9.6151600e+001
3743,6.6670553e-001,9.4903400e+001
3744,3.1989327e-001,9.4883300e+001
3745,4.4623107e-001,9.5261400e+001
3746,4.0561612e-001,9.5484500e+001
3747,5.9015264e-001,9.5142800e+001
3748,6.9534273e-001,9.4880300e+001
3749,4.2532701e-001,9.4718600e+001
3750,6.7105157e-001,9.3841500e+001
3751,1.6378263e-001,9.4372900e+001
3752,4.9463042e-001,9.4702900e+001
3753,2.5344422e-001,9.5406500e+001
3754,2.3698068e-001,9.6151900e+001
3755,1.3425859e-001,9.6769400e+001
3756,4.8411904e-001,9.6939500e+001
3757,5.8877649e-001,9.6963600e+001
3758,3.6645872e-001,9.6917000e+001
3759,6.7168669e-001,9.5786100e+001
3760,6.3815044e-001,9.4175700e+001
3761,3.9449575e-001,9.4443800e+001
3762,2.9005432e-001,9.5026900e+001
3763,5.4288078e-001,9.4809900e+001
3764,5.9727713e-001,9.4916900e+001
3765,4.3664172e-001,9.5383200e+001
3766,6.3733327e-001,9.4803500e+001
3767,4.6029304e-001,9.4517600e+001
3768,3.4515515e-001,9.4953600e+001
3769,2.2259977e-001,9.5587900e+001
3770,2.3427960e-001,9.6229200e+001
3771,3.3720178e-001,9.6648000e+001
3772,3.5031967e-001,9.7021300e+001
3773,6.2276689e-001,9.6982000e+001
3774,4.4306335e-001,9.6935200e+001
3775,5.6568267e-001,9.5822200e+001
3776,4.2870735e-001,9.5302500e+001
3777,4.8439252e-001,9.4973400e+001
3778,3.8514994e-001,9.5407700e+001
3779,4.1497824e-001,9.5678300e+001
3780,1.3929564e-001,9.6181500e+001
3781,5.4180819e-001,9.6281300e+001
3782,5.7021070e-001,9.5953600e+001
3783,3.3126234e-001,9.6248700e+001
3784,1.2608016e-001,9.6706000e+001
3785,4.2921381e-001,9.6720900e+001
3786,5.9657400e-001,9.5787700e+001
3787,6.1920763e-001,9.5465800e+001
3788,6.2258871e-001,9.4847200e+001
3789,4.4843933e-001,9.4206700e+001
3790,3.1980721e-001,9.4576600e+001
3791,1.9970202e-001,9.5213000e+001
3792,5.9192431e-001,9.5380600e+001
3793,4.7190410e-001,9.5731500e+001
3794,4.9221964e-001,9.5990200e+001
3795,5.3547749e-001,9.5621900e+001
3796,3.7014460e-001,9.5315000e+001
3797,2.2027478e-001,9.5751700e+001
3798,1.5828697e-001,9.6329900e+001
3799,5.2906481e-001,9.6414200e+001
3800,5.9228689e-001,9.6110700e+001
3801,5.6568113e-001,9.5942700e+001
3802,4.0266902e-001,9.5813300e+001
3803,2.5817137e-001,9.5712000e+001
3804,4.8624299e-001,9.5390000e+001
3805,2.8598933e-001,9.5905200e+001
3806,6.2269677e-001,9.5885200e+001
3807,4.6459527e-001,9.6038000e+001
3808,6.5277256e-001,9.4957400e+001
3809,1.4834932e-001,9.5405500e+001
3810,3.0693794e-001,9.5742000e+001
3811,5.0594902e-001,9.5520200e+001
3812,2.8516219e-001,9.6091200e+001
3813,5.2093776e-001,9.6137300e+001
3814,2.0088219e-001,9.6713900e+001
3815,6.2702760e-001,9.6340200e+001
3816,6.5294741e-001,9.5264400e+001
3817,6.8715880e-001,9.4142400e+001
3818,2.7792349e-001,9.4504100e+001
3819,6.6003858e-001,9.3784800e+001
3820,4.6834958e-001,9.4177300e+001
3821,1.5135326e-001,9.4853200e+001
3822,3.9430758e-001,9.5541900e+001
3823,1.2746076e-001,9.6174900e+001
3824,2.3299618e-001,9.6896900e+001
3825,3.6684685e-001,9.7130500e+001
3826,5.9504216e-001,9.7066000e+001
3827,6.7363810e-001,9.6280500e+001
3828,4.3547747e-001,9.5757800e+001
3829,2.6978380e-001,9.5559900e+001
3830,6.5638275e-001,9.4514100e+001
3831,2.2488161e-001,9.5104800e+001
3832,1.8529373e-001,9.5768700e+001
3833,2.3171724e-001,9.6476900e+001
3834,4.7166264e-001,9.6930700e+001
3835,6.3391221e-001,9.6182800e+001
3836,5.6250792e-001,9.6076200e+001
3837,4.7067868e-001,9.5480800e+001
3838,2.9664683e-001,9.5247300e+001
3839,3.4325100e-001,9.5399600e+001
3840,6.1950052e-001,9.5323000e+001
3841,1.4527010e-001,9.5928100e+001
3842,1.5457502e-001,9.6550700e+001
3843,5.4235656e-001,9.6690000e+001
3844,1.8677011e-001,9.7161400e+001
3845,4.4517558e-001,9.6989600e+001
3846,6.6605137e-001,9.6226900e+001
3847,1.2542069e-001,9.6759900e+001
3848,1.4560045e-001,9.7232800e+001
3849,3.0684399e-001,9.7089000e+001
3850,1.2693676e-001,9.7413200e+001
3851,4.2610025e-001,9.7493400e+001
3852,4.6691617e-001,9.7113100e+001
3853,6.6005593e-001,9.6858600e+001
3854,1.5993662e-001,9.7292000e+001
3855,6.5472611e-001,9.5503000e+001
3856,5.8179660e-001,9.4572200e+001
3857,6.5542583e-001,9.4113100e+001
3858,3.4196045e-001,9.4654200e+001
3859,5.2925188e-001,9.4319900e+001
3860,1.3630847e-001,9.4942900e+001
3861,1.3639446e-001,9.5592700e+001
3862,3.8166972e-001,9.6175300e+001
3863,1.2300787e-001,9.6736400e+001
3864,3.9328379e-001,9.7309200e+001
3865,3.2065575e-001,9.7872900e+001
3866,6.6119384e-001,9.7290200e+001
3867,6.8483916e-001,9.5626100e+001
3868,2.9179949e-001,9.5551600e+001
3869,4.7401530e-001,9.4971900e+001
3870,5.7511049e-001,9.4437900e+001
3871,4.8200235e-001,9.4829500e+001
3872,4.1354700e-001,9.5421400e+001
3873,6.8449423e-001,9.4617600e+001
3874,4.9445090e-001,9.4573700e+001
3875,2.3621452e-001,9.5172000e+001
3876,4.5735794e-001,9.5402700e+001
3877,2.1484064e-001,9.5875200e+001
3878,6.2660978e-001,9.5603700e+001
3879,2.3064211e-001,9.6268000e+001
3880,4.0198633e-001,9.6743900e+001
3881,1.8419906e-001,9.7223000e+001
3882,4.3363865e-001,9.7029300e+001
3883,5.6482121e-001,9.6349900e+001
3884,3.5011831e-001,9.6634900e+001
3885,2.3846481e-001,9.7149000e+001
3886,4.7810112e-001,9.6792700e+001
3887,2.4544313e-001,9.6940100e+001
3888,1.6271061e-001,9.7210900e+001
3889,4.7728904e-001,9.7088600e+001
3890,3.9692038e-001,9.7382600e+001
3891,2.4090092e-001,9.7763200e+001
3892,6.2183329e-001,9.6830800e+001
3893,3.5210710e-001,9.6886900e+001
3894,6.6406928e-001,9.5473800e+001
3895,4.1240794e-001,9.5456200e+001
3896,1.4022142e-001,9.5842600e+001
3897,5.0135187e-001,9.5562900e+001
3898,4.2082338e-001,9.5864700e+001
3899,5.7859677e-001,9.5583400e+001
3900,2.7588614e-001,9.6203900e+001
3901,6.1832850e-001,9.5577000e+001
3902,2.4703122e-001,9.5772500e+001
3903,4.5375564e-001,9.5822500e+001
3904,2.7104982e-001,9.6201700e+001
3905,3.3437113e-001,9.6659200e+001
3906,1.7562258e-001,9.7189000e+001
3907,2.8864341e-001,9.7469900e+001
3908,2.2978491e-001,9.7892000e+001
3909,3.9498039e-001,9.8236000e+001
3910,6.3549682e-001,9.7439500e+001
3911,1.9510876e-001,9.7733800e+001
3912,1.9285273e-001,9.7998700e+001
3913,6.7579355e-001,9.6429100e+001
3914,6.6224750e-001,9.4893000e+001
3915,3.9368854e-001,9.5182200e+001
3916,5.2332808e-001,9.4845400e+001
3917,1.7511009e-001,9.5006600e+001
3918,6.7528576e-001,9.4783100e+001
3919,5.2781722e-001,9.5100200e+001
3920,6.2400672e-001,9.4644700e+001
3921,2.8090768e-001,9.5085500e+001
3922,4.1537137e-001,9.4939100e+001
3923,1.4658423e-001,9.5481500e+001
3924,6.4115100e-001,9.5550000e+001
3925,4.2490977e-001,9.5838100e+001
3926,2.5846662e-001,9.6454800e+001
3927,6.4854303e-001,9.5824800e+001
3928,4.6271616e-001,9.5313200e+001
3929,2.7050814e-001,9.5670200e+001
3930,2.3036118e-001,9.6297800e+001
3931,4.8033306e-001,9.6394100e+001
3932,5.5768962e-001,9.5836700e+001
3933,4.8939519e-001,9.6077000e+001
3934,4.6504172e-001,9.6016600e+001
3935,3.5612721e-001,9.5750700e+001
3936,4.2997756e-001,9.5596700e+001
3937,2.3291215e-001,9.6096900e+001
3938,1.5443764e-001,9.6661500e+001
3939,6.3349154e-001,9.6492600e+001
3940,6.9235220e-001,9.5715300e+001
3941,5.6346951e-001,9.5082300e+001
3942,4.3198250e-001,9.4528100e+001
3943,3.2994449e-001,9.4518200e+001
3944,1.7708262e-001,9.5136400e+001
3945,2.2756994e-001,9.5834100e+001
3946,3.6794872e-001,9.6504800e+001
3947,5.1411799e-001,9.6882900e+001
3948,1.8099177e-001,9.7450500e+001
3949,5.2867356e-001,9.7441700e+001
3950,6.1659648e-001,9.6250700e+001
3951,5.3700416e-001,9.5228500e+001
3952,2.2889778e-001,9.5634400e+001
3953,4.8500971e-001,9.5419300e+001
3954,5.5822445e-001,9.5041700e+001
3955,4.7830587e-001,9.5321400e+001
3956,6.8669613e-001,9.4886200e+001
3957,3.0184961e-001,9.4911800e+001
3958,1.8633713e-001,9.5370200e+001
3959,3.6819710e-001,9.5741100e+001
3960,4.8863761e-001,9.5911200e+001
3961,3.3226991e-001,9.6282500e+001
3962,2.6044769e-001,9.6869600e+001
3963,3.4430334e-001,9.7488000e+001
3964,3.0619502e-001,9.7836900e+001
3965,6.1962802e-001,9.6669200e+001
3966,4.8812374e-001,9.6481000e+001
3967,6.9573839e-001,9.5061900e+001
3968,4.7508931e-001,9.4438200e+001
3969,6.2597064e-001,9.3955200e+001
3970,2.8856525e-001,9.4506900e+001
3971,1.1610065e-001,9.5050200e+001
3972,1.0370453e-001,9.5573600e+001
3973,5.6198723e-001,9.5873700e+001
3974,1.1932493e-001,9.6471500e+001
3975,2.9409104e-001,9.7101300e+001
3976,5.8811531e-001,9.7047100e+001
3977,6.5405528e-001,9.6295600e+001
3978,1.0704921e-001,9.6444500e+001
3979,3.7614135e-001,9.6244500e+001
3980,2.0763200e-001,9.6707300e+001
3981,6.7097161e-001,9.5443400e+001
3982,6.1986667e-001,9.5307800e+001
3983,2.9918651e-001,9.5917100e+001
3984,4.2769605e-001,9.5677300e+001
3985,2.8746726e-001,9.5707900e+001
3986,2.6221223e-001,9.5946700e+001
3987,6.0089586e-001,9.6064900e+001
3988,6.5664076e-001,9.5794000e+001
3989,3.6119107e-001,9.5764200e+001
3990,3.3834349e-001,9.5878100e+001
3991,3.3895391e-001,9.5744000e+001
3992,3.9835667e-001,9.5774900e+001
3993,3.8054175e-001,9.6244600e+001
3994,3.6512161e-001,9.6822600e+001
3995,3.9891695e-001,9.7160300e+001
3996,1.9713376e-001,9.7520000e+001
3997,6.2705445e-001,9.6625100e+001
3998,5.0419708e-001,9.6186100e+001
3999,2.4033244e-001,9.6481700e+001
4000,6.6734848e-001,9.5523100e+001
